split,domain,sample_id,image_path,mask_path,black_pixels,total_pixels,black_ratio,image_deleted,mask_deleted
Train,Urban,1375,data/LoveDA/Train/Urban/images_png/1375.png,data/LoveDA/Train/Urban/masks_png/1375.png,527760,1048576,0.5033111572,true,true
Train,Urban,1377,data/LoveDA/Train/Urban/images_png/1377.png,data/LoveDA/Train/Urban/masks_png/1377.png,145075,1048576,0.1383543015,true,true
Train,Urban,1378,data/LoveDA/Train/Urban/images_png/1378.png,data/LoveDA/Train/Urban/masks_png/1378.png,115640,1048576,0.1102828979,true,true
Train,Urban,1380,data/LoveDA/Train/Urban/images_png/1380.png,data/LoveDA/Train/Urban/masks_png/1380.png,144384,1048576,0.1376953125,true,true
Train,Urban,1382,data/LoveDA/Train/Urban/images_png/1382.png,data/LoveDA/Train/Urban/masks_png/1382.png,559867,1048576,0.5339307785,true,true
Train,Urban,1388,data/LoveDA/Train/Urban/images_png/1388.png,data/LoveDA/Train/Urban/masks_png/1388.png,119186,1048576,0.1136646271,true,true
Train,Urban,1424,data/LoveDA/Train/Urban/images_png/1424.png,data/LoveDA/Train/Urban/masks_png/1424.png,442135,1048576,0.4216527939,true,true
Train,Urban,1427,data/LoveDA/Train/Urban/images_png/1427.png,data/LoveDA/Train/Urban/masks_png/1427.png,118988,1048576,0.1134757996,true,true
Train,Urban,1435,data/LoveDA/Train/Urban/images_png/1435.png,data/LoveDA/Train/Urban/masks_png/1435.png,398853,1048576,0.3803758621,true,true
Train,Urban,1446,data/LoveDA/Train/Urban/images_png/1446.png,data/LoveDA/Train/Urban/masks_png/1446.png,323318,1048576,0.3083400726,true,true
Train,Urban,1458,data/LoveDA/Train/Urban/images_png/1458.png,data/LoveDA/Train/Urban/masks_png/1458.png,527917,1048576,0.5034608841,true,true
Train,Urban,1466,data/LoveDA/Train/Urban/images_png/1466.png,data/LoveDA/Train/Urban/masks_png/1466.png,265040,1048576,0.2527618408,true,true
Train,Urban,1467,data/LoveDA/Train/Urban/images_png/1467.png,data/LoveDA/Train/Urban/masks_png/1467.png,320454,1048576,0.3056087494,true,true
Train,Urban,1469,data/LoveDA/Train/Urban/images_png/1469.png,data/LoveDA/Train/Urban/masks_png/1469.png,469181,1048576,0.4474458694,true,true
Train,Urban,1475,data/LoveDA/Train/Urban/images_png/1475.png,data/LoveDA/Train/Urban/masks_png/1475.png,378660,1048576,0.3611183167,true,true
Train,Urban,1482,data/LoveDA/Train/Urban/images_png/1482.png,data/LoveDA/Train/Urban/masks_png/1482.png,468478,1048576,0.4467754364,true,true
Train,Urban,1487,data/LoveDA/Train/Urban/images_png/1487.png,data/LoveDA/Train/Urban/masks_png/1487.png,145092,1048576,0.1383705139,true,true
Train,Urban,1490,data/LoveDA/Train/Urban/images_png/1490.png,data/LoveDA/Train/Urban/masks_png/1490.png,498554,1048576,0.4754581451,true,true
Train,Urban,1491,data/LoveDA/Train/Urban/images_png/1491.png,data/LoveDA/Train/Urban/masks_png/1491.png,432868,1048576,0.4128150940,true,true
Train,Urban,1493,data/LoveDA/Train/Urban/images_png/1493.png,data/LoveDA/Train/Urban/masks_png/1493.png,410834,1048576,0.3918018341,true,true
Train,Urban,1516,data/LoveDA/Train/Urban/images_png/1516.png,data/LoveDA/Train/Urban/masks_png/1516.png,407865,1048576,0.3889703751,true,true
Train,Urban,1519,data/LoveDA/Train/Urban/images_png/1519.png,data/LoveDA/Train/Urban/masks_png/1519.png,235228,1048576,0.2243309021,true,true
Train,Urban,1523,data/LoveDA/Train/Urban/images_png/1523.png,data/LoveDA/Train/Urban/masks_png/1523.png,144871,1048576,0.1381597519,true,true
Train,Urban,1524,data/LoveDA/Train/Urban/images_png/1524.png,data/LoveDA/Train/Urban/masks_png/1524.png,173510,1048576,0.1654720306,true,true
Train,Urban,1528,data/LoveDA/Train/Urban/images_png/1528.png,data/LoveDA/Train/Urban/masks_png/1528.png,407833,1048576,0.3889398575,true,true
Train,Urban,1529,data/LoveDA/Train/Urban/images_png/1529.png,data/LoveDA/Train/Urban/masks_png/1529.png,293692,1048576,0.2800865173,true,true
Train,Urban,1535,data/LoveDA/Train/Urban/images_png/1535.png,data/LoveDA/Train/Urban/masks_png/1535.png,194929,1048576,0.1858987808,true,true
Train,Urban,1546,data/LoveDA/Train/Urban/images_png/1546.png,data/LoveDA/Train/Urban/masks_png/1546.png,176736,1048576,0.1685485840,true,true
Train,Urban,1548,data/LoveDA/Train/Urban/images_png/1548.png,data/LoveDA/Train/Urban/masks_png/1548.png,290016,1048576,0.2765808105,true,true
Train,Urban,1551,data/LoveDA/Train/Urban/images_png/1551.png,data/LoveDA/Train/Urban/masks_png/1551.png,282315,1048576,0.2692365646,true,true
Train,Urban,1556,data/LoveDA/Train/Urban/images_png/1556.png,data/LoveDA/Train/Urban/masks_png/1556.png,440138,1048576,0.4197483063,true,true
Train,Urban,1562,data/LoveDA/Train/Urban/images_png/1562.png,data/LoveDA/Train/Urban/masks_png/1562.png,527533,1048576,0.5030946732,true,true
Train,Urban,1566,data/LoveDA/Train/Urban/images_png/1566.png,data/LoveDA/Train/Urban/masks_png/1566.png,319842,1048576,0.3050251007,true,true
Train,Urban,1571,data/LoveDA/Train/Urban/images_png/1571.png,data/LoveDA/Train/Urban/masks_png/1571.png,260896,1048576,0.2488098145,true,true
Train,Urban,1572,data/LoveDA/Train/Urban/images_png/1572.png,data/LoveDA/Train/Urban/masks_png/1572.png,440932,1048576,0.4205055237,true,true
Train,Urban,1574,data/LoveDA/Train/Urban/images_png/1574.png,data/LoveDA/Train/Urban/masks_png/1574.png,206264,1048576,0.1967086792,true,true
Train,Urban,1577,data/LoveDA/Train/Urban/images_png/1577.png,data/LoveDA/Train/Urban/masks_png/1577.png,294242,1048576,0.2806110382,true,true
Train,Urban,1578,data/LoveDA/Train/Urban/images_png/1578.png,data/LoveDA/Train/Urban/masks_png/1578.png,349435,1048576,0.3332471848,true,true
Train,Urban,1590,data/LoveDA/Train/Urban/images_png/1590.png,data/LoveDA/Train/Urban/masks_png/1590.png,206462,1048576,0.1968975067,true,true
Train,Urban,1594,data/LoveDA/Train/Urban/images_png/1594.png,data/LoveDA/Train/Urban/masks_png/1594.png,177124,1048576,0.1689186096,true,true
Train,Urban,1597,data/LoveDA/Train/Urban/images_png/1597.png,data/LoveDA/Train/Urban/masks_png/1597.png,410682,1048576,0.3916568756,true,true
Train,Urban,1609,data/LoveDA/Train/Urban/images_png/1609.png,data/LoveDA/Train/Urban/masks_png/1609.png,177404,1048576,0.1691856384,true,true
Train,Urban,1610,data/LoveDA/Train/Urban/images_png/1610.png,data/LoveDA/Train/Urban/masks_png/1610.png,441781,1048576,0.4213151932,true,true
Train,Urban,1612,data/LoveDA/Train/Urban/images_png/1612.png,data/LoveDA/Train/Urban/masks_png/1612.png,144896,1048576,0.1381835938,true,true
Train,Urban,1633,data/LoveDA/Train/Urban/images_png/1633.png,data/LoveDA/Train/Urban/masks_png/1633.png,410923,1048576,0.3918867111,true,true
Train,Urban,1641,data/LoveDA/Train/Urban/images_png/1641.png,data/LoveDA/Train/Urban/masks_png/1641.png,174024,1048576,0.1659622192,true,true
Train,Urban,1642,data/LoveDA/Train/Urban/images_png/1642.png,data/LoveDA/Train/Urban/masks_png/1642.png,115885,1048576,0.1105165482,true,true
Train,Urban,1647,data/LoveDA/Train/Urban/images_png/1647.png,data/LoveDA/Train/Urban/masks_png/1647.png,264728,1048576,0.2524642944,true,true
Train,Urban,1659,data/LoveDA/Train/Urban/images_png/1659.png,data/LoveDA/Train/Urban/masks_png/1659.png,410257,1048576,0.3912515640,true,true
Train,Urban,1660,data/LoveDA/Train/Urban/images_png/1660.png,data/LoveDA/Train/Urban/masks_png/1660.png,235786,1048576,0.2248630524,true,true
Train,Urban,1671,data/LoveDA/Train/Urban/images_png/1671.png,data/LoveDA/Train/Urban/masks_png/1671.png,439928,1048576,0.4195480347,true,true
Train,Urban,1676,data/LoveDA/Train/Urban/images_png/1676.png,data/LoveDA/Train/Urban/masks_png/1676.png,177404,1048576,0.1691856384,true,true
Train,Urban,1677,data/LoveDA/Train/Urban/images_png/1677.png,data/LoveDA/Train/Urban/masks_png/1677.png,351976,1048576,0.3356704712,true,true
Train,Urban,1693,data/LoveDA/Train/Urban/images_png/1693.png,data/LoveDA/Train/Urban/masks_png/1693.png,115505,1048576,0.1101541519,true,true
Train,Urban,1695,data/LoveDA/Train/Urban/images_png/1695.png,data/LoveDA/Train/Urban/masks_png/1695.png,319639,1048576,0.3048315048,true,true
Train,Urban,1700,data/LoveDA/Train/Urban/images_png/1700.png,data/LoveDA/Train/Urban/masks_png/1700.png,352659,1048576,0.3363218307,true,true
Train,Urban,1703,data/LoveDA/Train/Urban/images_png/1703.png,data/LoveDA/Train/Urban/masks_png/1703.png,264464,1048576,0.2522125244,true,true
Train,Urban,1704,data/LoveDA/Train/Urban/images_png/1704.png,data/LoveDA/Train/Urban/masks_png/1704.png,469166,1048576,0.4474315643,true,true
Train,Urban,1713,data/LoveDA/Train/Urban/images_png/1713.png,data/LoveDA/Train/Urban/masks_png/1713.png,165832,1048576,0.1581497192,true,true
Train,Urban,1725,data/LoveDA/Train/Urban/images_png/1725.png,data/LoveDA/Train/Urban/masks_png/1725.png,377912,1048576,0.3604049683,true,true
Train,Urban,1728,data/LoveDA/Train/Urban/images_png/1728.png,data/LoveDA/Train/Urban/masks_png/1728.png,148204,1048576,0.1413383484,true,true
Train,Urban,1730,data/LoveDA/Train/Urban/images_png/1730.png,data/LoveDA/Train/Urban/masks_png/1730.png,148301,1048576,0.1414308548,true,true
Train,Urban,1737,data/LoveDA/Train/Urban/images_png/1737.png,data/LoveDA/Train/Urban/masks_png/1737.png,291219,1048576,0.2777280807,true,true
Train,Urban,1750,data/LoveDA/Train/Urban/images_png/1750.png,data/LoveDA/Train/Urban/masks_png/1750.png,205978,1048576,0.1964359283,true,true
Train,Urban,1760,data/LoveDA/Train/Urban/images_png/1760.png,data/LoveDA/Train/Urban/masks_png/1760.png,441199,1048576,0.4207601547,true,true
Train,Urban,1762,data/LoveDA/Train/Urban/images_png/1762.png,data/LoveDA/Train/Urban/masks_png/1762.png,556438,1048576,0.5306606293,true,true
Train,Urban,1764,data/LoveDA/Train/Urban/images_png/1764.png,data/LoveDA/Train/Urban/masks_png/1764.png,261785,1048576,0.2496576309,true,true
Train,Urban,1765,data/LoveDA/Train/Urban/images_png/1765.png,data/LoveDA/Train/Urban/masks_png/1765.png,408167,1048576,0.3892583847,true,true
Train,Urban,1771,data/LoveDA/Train/Urban/images_png/1771.png,data/LoveDA/Train/Urban/masks_png/1771.png,381152,1048576,0.3634948730,true,true
Train,Urban,1775,data/LoveDA/Train/Urban/images_png/1775.png,data/LoveDA/Train/Urban/masks_png/1775.png,294133,1048576,0.2805070877,true,true
Train,Urban,1776,data/LoveDA/Train/Urban/images_png/1776.png,data/LoveDA/Train/Urban/masks_png/1776.png,407045,1048576,0.3881883621,true,true
Train,Urban,1782,data/LoveDA/Train/Urban/images_png/1782.png,data/LoveDA/Train/Urban/masks_png/1782.png,352485,1048576,0.3361558914,true,true
Train,Urban,1783,data/LoveDA/Train/Urban/images_png/1783.png,data/LoveDA/Train/Urban/masks_png/1783.png,232638,1048576,0.2218608856,true,true
Train,Urban,1785,data/LoveDA/Train/Urban/images_png/1785.png,data/LoveDA/Train/Urban/masks_png/1785.png,378637,1048576,0.3610963821,true,true
Train,Urban,1793,data/LoveDA/Train/Urban/images_png/1793.png,data/LoveDA/Train/Urban/masks_png/1793.png,206622,1048576,0.1970500946,true,true
Train,Urban,1800,data/LoveDA/Train/Urban/images_png/1800.png,data/LoveDA/Train/Urban/masks_png/1800.png,526819,1048576,0.5024137497,true,true
Train,Urban,1801,data/LoveDA/Train/Urban/images_png/1801.png,data/LoveDA/Train/Urban/masks_png/1801.png,348244,1048576,0.3321113586,true,true
Train,Urban,1802,data/LoveDA/Train/Urban/images_png/1802.png,data/LoveDA/Train/Urban/masks_png/1802.png,498416,1048576,0.4753265381,true,true
Train,Urban,1805,data/LoveDA/Train/Urban/images_png/1805.png,data/LoveDA/Train/Urban/masks_png/1805.png,202640,1048576,0.1932525635,true,true
Train,Urban,1812,data/LoveDA/Train/Urban/images_png/1812.png,data/LoveDA/Train/Urban/masks_png/1812.png,559509,1048576,0.5335893631,true,true
Train,Urban,1820,data/LoveDA/Train/Urban/images_png/1820.png,data/LoveDA/Train/Urban/masks_png/1820.png,406472,1048576,0.3876419067,true,true
Train,Urban,1828,data/LoveDA/Train/Urban/images_png/1828.png,data/LoveDA/Train/Urban/masks_png/1828.png,231762,1048576,0.2210254669,true,true
Train,Urban,1833,data/LoveDA/Train/Urban/images_png/1833.png,data/LoveDA/Train/Urban/masks_png/1833.png,497685,1048576,0.4746294022,true,true
Train,Urban,1834,data/LoveDA/Train/Urban/images_png/1834.png,data/LoveDA/Train/Urban/masks_png/1834.png,235822,1048576,0.2248973846,true,true
Train,Urban,1837,data/LoveDA/Train/Urban/images_png/1837.png,data/LoveDA/Train/Urban/masks_png/1837.png,136704,1048576,0.1303710938,true,true
Train,Urban,1854,data/LoveDA/Train/Urban/images_png/1854.png,data/LoveDA/Train/Urban/masks_png/1854.png,352198,1048576,0.3358821869,true,true
Train,Urban,1855,data/LoveDA/Train/Urban/images_png/1855.png,data/LoveDA/Train/Urban/masks_png/1855.png,232759,1048576,0.2219762802,true,true
Train,Urban,1864,data/LoveDA/Train/Urban/images_png/1864.png,data/LoveDA/Train/Urban/masks_png/1864.png,261838,1048576,0.2497081757,true,true
Train,Urban,1892,data/LoveDA/Train/Urban/images_png/1892.png,data/LoveDA/Train/Urban/masks_png/1892.png,235616,1048576,0.2247009277,true,true
Train,Urban,1913,data/LoveDA/Train/Urban/images_png/1913.png,data/LoveDA/Train/Urban/masks_png/1913.png,147490,1048576,0.1406574249,true,true
Train,Urban,1928,data/LoveDA/Train/Urban/images_png/1928.png,data/LoveDA/Train/Urban/masks_png/1928.png,232554,1048576,0.2217807770,true,true
Train,Urban,1936,data/LoveDA/Train/Urban/images_png/1936.png,data/LoveDA/Train/Urban/masks_png/1936.png,559948,1048576,0.5340080261,true,true
Train,Urban,1940,data/LoveDA/Train/Urban/images_png/1940.png,data/LoveDA/Train/Urban/masks_png/1940.png,293714,1048576,0.2801074982,true,true
Train,Urban,1943,data/LoveDA/Train/Urban/images_png/1943.png,data/LoveDA/Train/Urban/masks_png/1943.png,439366,1048576,0.4190120697,true,true
Train,Urban,1945,data/LoveDA/Train/Urban/images_png/1945.png,data/LoveDA/Train/Urban/masks_png/1945.png,203452,1048576,0.1940269470,true,true
Train,Urban,1948,data/LoveDA/Train/Urban/images_png/1948.png,data/LoveDA/Train/Urban/masks_png/1948.png,177250,1048576,0.1690387726,true,true
Train,Urban,1955,data/LoveDA/Train/Urban/images_png/1955.png,data/LoveDA/Train/Urban/masks_png/1955.png,378924,1048576,0.3613700867,true,true
Train,Urban,1963,data/LoveDA/Train/Urban/images_png/1963.png,data/LoveDA/Train/Urban/masks_png/1963.png,411079,1048576,0.3920354843,true,true
Train,Urban,1966,data/LoveDA/Train/Urban/images_png/1966.png,data/LoveDA/Train/Urban/masks_png/1966.png,468538,1048576,0.4468326569,true,true
Train,Urban,1976,data/LoveDA/Train/Urban/images_png/1976.png,data/LoveDA/Train/Urban/masks_png/1976.png,203540,1048576,0.1941108704,true,true
Train,Urban,1992,data/LoveDA/Train/Urban/images_png/1992.png,data/LoveDA/Train/Urban/masks_png/1992.png,174100,1048576,0.1660346985,true,true
Train,Urban,1994,data/LoveDA/Train/Urban/images_png/1994.png,data/LoveDA/Train/Urban/masks_png/1994.png,203332,1048576,0.1939125061,true,true
Train,Urban,1999,data/LoveDA/Train/Urban/images_png/1999.png,data/LoveDA/Train/Urban/masks_png/1999.png,407392,1048576,0.3885192871,true,true
Train,Urban,2003,data/LoveDA/Train/Urban/images_png/2003.png,data/LoveDA/Train/Urban/masks_png/2003.png,291000,1048576,0.2775192261,true,true
Train,Urban,2010,data/LoveDA/Train/Urban/images_png/2010.png,data/LoveDA/Train/Urban/masks_png/2010.png,469498,1048576,0.4477481842,true,true
Train,Urban,2011,data/LoveDA/Train/Urban/images_png/2011.png,data/LoveDA/Train/Urban/masks_png/2011.png,498708,1048576,0.4756050110,true,true
Train,Urban,2014,data/LoveDA/Train/Urban/images_png/2014.png,data/LoveDA/Train/Urban/masks_png/2014.png,441442,1048576,0.4209918976,true,true
Train,Urban,2022,data/LoveDA/Train/Urban/images_png/2022.png,data/LoveDA/Train/Urban/masks_png/2022.png,349031,1048576,0.3328619003,true,true
Train,Urban,2040,data/LoveDA/Train/Urban/images_png/2040.png,data/LoveDA/Train/Urban/masks_png/2040.png,115258,1048576,0.1099185944,true,true
Train,Urban,2048,data/LoveDA/Train/Urban/images_png/2048.png,data/LoveDA/Train/Urban/masks_png/2048.png,340596,1048576,0.3248176575,true,true
Train,Urban,2050,data/LoveDA/Train/Urban/images_png/2050.png,data/LoveDA/Train/Urban/masks_png/2050.png,381873,1048576,0.3641824722,true,true
Train,Urban,2065,data/LoveDA/Train/Urban/images_png/2065.png,data/LoveDA/Train/Urban/masks_png/2065.png,319141,1048576,0.3043565750,true,true
Train,Urban,2075,data/LoveDA/Train/Urban/images_png/2075.png,data/LoveDA/Train/Urban/masks_png/2075.png,320232,1048576,0.3053970337,true,true
Train,Urban,2079,data/LoveDA/Train/Urban/images_png/2079.png,data/LoveDA/Train/Urban/masks_png/2079.png,118247,1048576,0.1127691269,true,true
Train,Urban,2085,data/LoveDA/Train/Urban/images_png/2085.png,data/LoveDA/Train/Urban/masks_png/2085.png,107576,1048576,0.1025924683,true,true
Train,Urban,2092,data/LoveDA/Train/Urban/images_png/2092.png,data/LoveDA/Train/Urban/masks_png/2092.png,352050,1048576,0.3357410431,true,true
Train,Urban,2102,data/LoveDA/Train/Urban/images_png/2102.png,data/LoveDA/Train/Urban/masks_png/2102.png,253180,1048576,0.2414512634,true,true
Train,Urban,2104,data/LoveDA/Train/Urban/images_png/2104.png,data/LoveDA/Train/Urban/masks_png/2104.png,322952,1048576,0.3079910278,true,true
Train,Urban,2116,data/LoveDA/Train/Urban/images_png/2116.png,data/LoveDA/Train/Urban/masks_png/2116.png,349688,1048576,0.3334884644,true,true
Train,Urban,2125,data/LoveDA/Train/Urban/images_png/2125.png,data/LoveDA/Train/Urban/masks_png/2125.png,381440,1048576,0.3637695312,true,true
Train,Urban,2126,data/LoveDA/Train/Urban/images_png/2126.png,data/LoveDA/Train/Urban/masks_png/2126.png,261372,1048576,0.2492637634,true,true
Train,Urban,2127,data/LoveDA/Train/Urban/images_png/2127.png,data/LoveDA/Train/Urban/masks_png/2127.png,148044,1048576,0.1411857605,true,true
Train,Urban,2129,data/LoveDA/Train/Urban/images_png/2129.png,data/LoveDA/Train/Urban/masks_png/2129.png,559994,1048576,0.5340518951,true,true
Train,Urban,2149,data/LoveDA/Train/Urban/images_png/2149.png,data/LoveDA/Train/Urban/masks_png/2149.png,559930,1048576,0.5339908600,true,true
Train,Urban,2150,data/LoveDA/Train/Urban/images_png/2150.png,data/LoveDA/Train/Urban/masks_png/2150.png,322829,1048576,0.3078737259,true,true
Train,Urban,2155,data/LoveDA/Train/Urban/images_png/2155.png,data/LoveDA/Train/Urban/masks_png/2155.png,322934,1048576,0.3079738617,true,true
Train,Urban,2159,data/LoveDA/Train/Urban/images_png/2159.png,data/LoveDA/Train/Urban/masks_png/2159.png,497580,1048576,0.4745292664,true,true
Train,Urban,2174,data/LoveDA/Train/Urban/images_png/2174.png,data/LoveDA/Train/Urban/masks_png/2174.png,526685,1048576,0.5022859573,true,true
Train,Urban,2177,data/LoveDA/Train/Urban/images_png/2177.png,data/LoveDA/Train/Urban/masks_png/2177.png,261468,1048576,0.2493553162,true,true
Train,Urban,2178,data/LoveDA/Train/Urban/images_png/2178.png,data/LoveDA/Train/Urban/masks_png/2178.png,293832,1048576,0.2802200317,true,true
Train,Urban,2192,data/LoveDA/Train/Urban/images_png/2192.png,data/LoveDA/Train/Urban/masks_png/2192.png,118832,1048576,0.1133270264,true,true
Train,Urban,2206,data/LoveDA/Train/Urban/images_png/2206.png,data/LoveDA/Train/Urban/masks_png/2206.png,119089,1048576,0.1135721207,true,true
Train,Urban,2210,data/LoveDA/Train/Urban/images_png/2210.png,data/LoveDA/Train/Urban/masks_png/2210.png,369720,1048576,0.3525924683,true,true
Train,Urban,2214,data/LoveDA/Train/Urban/images_png/2214.png,data/LoveDA/Train/Urban/masks_png/2214.png,224060,1048576,0.2136802673,true,true
Train,Urban,2220,data/LoveDA/Train/Urban/images_png/2220.png,data/LoveDA/Train/Urban/masks_png/2220.png,118840,1048576,0.1133346558,true,true
Train,Urban,2225,data/LoveDA/Train/Urban/images_png/2225.png,data/LoveDA/Train/Urban/masks_png/2225.png,377368,1048576,0.3598861694,true,true
Train,Urban,2229,data/LoveDA/Train/Urban/images_png/2229.png,data/LoveDA/Train/Urban/masks_png/2229.png,320225,1048576,0.3053903580,true,true
Train,Urban,2249,data/LoveDA/Train/Urban/images_png/2249.png,data/LoveDA/Train/Urban/masks_png/2249.png,174308,1048576,0.1662330627,true,true
Train,Urban,2251,data/LoveDA/Train/Urban/images_png/2251.png,data/LoveDA/Train/Urban/masks_png/2251.png,147981,1048576,0.1411256790,true,true
Train,Urban,2254,data/LoveDA/Train/Urban/images_png/2254.png,data/LoveDA/Train/Urban/masks_png/2254.png,264882,1048576,0.2526111603,true,true
Train,Urban,2276,data/LoveDA/Train/Urban/images_png/2276.png,data/LoveDA/Train/Urban/masks_png/2276.png,235408,1048576,0.2245025635,true,true
Train,Urban,2278,data/LoveDA/Train/Urban/images_png/2278.png,data/LoveDA/Train/Urban/masks_png/2278.png,290507,1048576,0.2770490646,true,true
Train,Urban,2280,data/LoveDA/Train/Urban/images_png/2280.png,data/LoveDA/Train/Urban/masks_png/2280.png,378207,1048576,0.3606863022,true,true
Train,Urban,2293,data/LoveDA/Train/Urban/images_png/2293.png,data/LoveDA/Train/Urban/masks_png/2293.png,381115,1048576,0.3634595871,true,true
Train,Urban,2298,data/LoveDA/Train/Urban/images_png/2298.png,data/LoveDA/Train/Urban/masks_png/2298.png,232252,1048576,0.2214927673,true,true
Train,Urban,2299,data/LoveDA/Train/Urban/images_png/2299.png,data/LoveDA/Train/Urban/masks_png/2299.png,527652,1048576,0.5032081604,true,true
Train,Urban,2301,data/LoveDA/Train/Urban/images_png/2301.png,data/LoveDA/Train/Urban/masks_png/2301.png,264547,1048576,0.2522916794,true,true
Train,Urban,2302,data/LoveDA/Train/Urban/images_png/2302.png,data/LoveDA/Train/Urban/masks_png/2302.png,232285,1048576,0.2215242386,true,true
Train,Urban,2312,data/LoveDA/Train/Urban/images_png/2312.png,data/LoveDA/Train/Urban/masks_png/2312.png,261993,1048576,0.2498559952,true,true
Train,Urban,2316,data/LoveDA/Train/Urban/images_png/2316.png,data/LoveDA/Train/Urban/masks_png/2316.png,440330,1048576,0.4199314117,true,true
Train,Urban,2320,data/LoveDA/Train/Urban/images_png/2320.png,data/LoveDA/Train/Urban/masks_png/2320.png,174256,1048576,0.1661834717,true,true
Train,Urban,2328,data/LoveDA/Train/Urban/images_png/2328.png,data/LoveDA/Train/Urban/masks_png/2328.png,144695,1048576,0.1379919052,true,true
Train,Urban,2336,data/LoveDA/Train/Urban/images_png/2336.png,data/LoveDA/Train/Urban/masks_png/2336.png,235668,1048576,0.2247505188,true,true
Train,Urban,2337,data/LoveDA/Train/Urban/images_png/2337.png,data/LoveDA/Train/Urban/masks_png/2337.png,348788,1048576,0.3326301575,true,true
Train,Urban,2344,data/LoveDA/Train/Urban/images_png/2344.png,data/LoveDA/Train/Urban/masks_png/2344.png,291027,1048576,0.2775449753,true,true
Train,Urban,2349,data/LoveDA/Train/Urban/images_png/2349.png,data/LoveDA/Train/Urban/masks_png/2349.png,290662,1048576,0.2771968842,true,true
Train,Urban,2350,data/LoveDA/Train/Urban/images_png/2350.png,data/LoveDA/Train/Urban/masks_png/2350.png,203088,1048576,0.1936798096,true,true
Train,Urban,2361,data/LoveDA/Train/Urban/images_png/2361.png,data/LoveDA/Train/Urban/masks_png/2361.png,440290,1048576,0.4198932648,true,true
Train,Urban,2370,data/LoveDA/Train/Urban/images_png/2370.png,data/LoveDA/Train/Urban/masks_png/2370.png,352503,1048576,0.3361730576,true,true
Train,Urban,2377,data/LoveDA/Train/Urban/images_png/2377.png,data/LoveDA/Train/Urban/masks_png/2377.png,323455,1048576,0.3084707260,true,true
Train,Urban,2379,data/LoveDA/Train/Urban/images_png/2379.png,data/LoveDA/Train/Urban/masks_png/2379.png,558998,1048576,0.5331020355,true,true
Train,Urban,2380,data/LoveDA/Train/Urban/images_png/2380.png,data/LoveDA/Train/Urban/masks_png/2380.png,115869,1048576,0.1105012894,true,true
Train,Urban,2382,data/LoveDA/Train/Urban/images_png/2382.png,data/LoveDA/Train/Urban/masks_png/2382.png,498364,1048576,0.4752769470,true,true
Train,Urban,2387,data/LoveDA/Train/Urban/images_png/2387.png,data/LoveDA/Train/Urban/masks_png/2387.png,381720,1048576,0.3640365601,true,true
Train,Urban,2400,data/LoveDA/Train/Urban/images_png/2400.png,data/LoveDA/Train/Urban/masks_png/2400.png,264969,1048576,0.2526941299,true,true
Train,Urban,2402,data/LoveDA/Train/Urban/images_png/2402.png,data/LoveDA/Train/Urban/masks_png/2402.png,148270,1048576,0.1414012909,true,true
Train,Urban,2410,data/LoveDA/Train/Urban/images_png/2410.png,data/LoveDA/Train/Urban/masks_png/2410.png,439400,1048576,0.4190444946,true,true
Train,Urban,2424,data/LoveDA/Train/Urban/images_png/2424.png,data/LoveDA/Train/Urban/masks_png/2424.png,206511,1048576,0.1969442368,true,true
Train,Urban,2435,data/LoveDA/Train/Urban/images_png/2435.png,data/LoveDA/Train/Urban/masks_png/2435.png,469340,1048576,0.4475975037,true,true
Train,Urban,2438,data/LoveDA/Train/Urban/images_png/2438.png,data/LoveDA/Train/Urban/masks_png/2438.png,440015,1048576,0.4196310043,true,true
Train,Urban,2439,data/LoveDA/Train/Urban/images_png/2439.png,data/LoveDA/Train/Urban/masks_png/2439.png,206619,1048576,0.1970472336,true,true
Train,Urban,2451,data/LoveDA/Train/Urban/images_png/2451.png,data/LoveDA/Train/Urban/masks_png/2451.png,381666,1048576,0.3639850616,true,true
Train,Urban,2452,data/LoveDA/Train/Urban/images_png/2452.png,data/LoveDA/Train/Urban/masks_png/2452.png,349425,1048576,0.3332376480,true,true
Train,Urban,2461,data/LoveDA/Train/Urban/images_png/2461.png,data/LoveDA/Train/Urban/masks_png/2461.png,173900,1048576,0.1658439636,true,true
Train,Urban,2462,data/LoveDA/Train/Urban/images_png/2462.png,data/LoveDA/Train/Urban/masks_png/2462.png,410260,1048576,0.3912544250,true,true
Train,Urban,2467,data/LoveDA/Train/Urban/images_png/2467.png,data/LoveDA/Train/Urban/masks_png/2467.png,177438,1048576,0.1692180634,true,true
Train,Urban,2473,data/LoveDA/Train/Urban/images_png/2473.png,data/LoveDA/Train/Urban/masks_png/2473.png,203121,1048576,0.1937112808,true,true
Train,Urban,2478,data/LoveDA/Train/Urban/images_png/2478.png,data/LoveDA/Train/Urban/masks_png/2478.png,311447,1048576,0.2970190048,true,true
Train,Urban,2480,data/LoveDA/Train/Urban/images_png/2480.png,data/LoveDA/Train/Urban/masks_png/2480.png,294084,1048576,0.2804603577,true,true
Train,Urban,2502,data/LoveDA/Train/Urban/images_png/2502.png,data/LoveDA/Train/Urban/masks_png/2502.png,115768,1048576,0.1104049683,true,true
Train,Urban,2511,data/LoveDA/Train/Urban/images_png/2511.png,data/LoveDA/Train/Urban/masks_png/2511.png,323303,1048576,0.3083257675,true,true
Train,Rural,1003,data/LoveDA/Train/Rural/images_png/1003.png,data/LoveDA/Train/Rural/masks_png/1003.png,234079,1048576,0.2232351303,true,true
Train,Rural,1013,data/LoveDA/Train/Rural/images_png/1013.png,data/LoveDA/Train/Rural/masks_png/1013.png,433005,1048576,0.4129457474,true,true
Train,Rural,1036,data/LoveDA/Train/Rural/images_png/1036.png,data/LoveDA/Train/Rural/masks_png/1036.png,400969,1048576,0.3823938370,true,true
Train,Rural,1050,data/LoveDA/Train/Rural/images_png/1050.png,data/LoveDA/Train/Rural/masks_png/1050.png,462167,1048576,0.4407567978,true,true
Train,Rural,108,data/LoveDA/Train/Rural/images_png/108.png,data/LoveDA/Train/Rural/masks_png/108.png,233920,1048576,0.2230834961,true,true
Train,Rural,1086,data/LoveDA/Train/Rural/images_png/1086.png,data/LoveDA/Train/Rural/masks_png/1086.png,319721,1048576,0.3049097061,true,true
Train,Rural,1090,data/LoveDA/Train/Rural/images_png/1090.png,data/LoveDA/Train/Rural/masks_png/1090.png,299456,1048576,0.2855834961,true,true
Train,Rural,1108,data/LoveDA/Train/Rural/images_png/1108.png,data/LoveDA/Train/Rural/masks_png/1108.png,377758,1048576,0.3602581024,true,true
Train,Rural,111,data/LoveDA/Train/Rural/images_png/111.png,data/LoveDA/Train/Rural/masks_png/111.png,117758,1048576,0.1123027802,true,true
Train,Rural,1116,data/LoveDA/Train/Rural/images_png/1116.png,data/LoveDA/Train/Rural/masks_png/1116.png,213272,1048576,0.2033920288,true,true
Train,Rural,1123,data/LoveDA/Train/Rural/images_png/1123.png,data/LoveDA/Train/Rural/masks_png/1123.png,553229,1048576,0.5276002884,true,true
Train,Rural,1124,data/LoveDA/Train/Rural/images_png/1124.png,data/LoveDA/Train/Rural/masks_png/1124.png,170501,1048576,0.1626024246,true,true
Train,Rural,1129,data/LoveDA/Train/Rural/images_png/1129.png,data/LoveDA/Train/Rural/masks_png/1129.png,286137,1048576,0.2728815079,true,true
Train,Rural,1137,data/LoveDA/Train/Rural/images_png/1137.png,data/LoveDA/Train/Rural/masks_png/1137.png,171268,1048576,0.1633338928,true,true
Train,Rural,1140,data/LoveDA/Train/Rural/images_png/1140.png,data/LoveDA/Train/Rural/masks_png/1140.png,112653,1048576,0.1074342728,true,true
Train,Rural,1141,data/LoveDA/Train/Rural/images_png/1141.png,data/LoveDA/Train/Rural/masks_png/1141.png,127115,1048576,0.1212263107,true,true
Train,Rural,1144,data/LoveDA/Train/Rural/images_png/1144.png,data/LoveDA/Train/Rural/masks_png/1144.png,341974,1048576,0.3261318207,true,true
Train,Rural,1159,data/LoveDA/Train/Rural/images_png/1159.png,data/LoveDA/Train/Rural/masks_png/1159.png,207694,1048576,0.1980724335,true,true
Train,Rural,117,data/LoveDA/Train/Rural/images_png/117.png,data/LoveDA/Train/Rural/masks_png/117.png,430739,1048576,0.4107847214,true,true
Train,Rural,1182,data/LoveDA/Train/Rural/images_png/1182.png,data/LoveDA/Train/Rural/masks_png/1182.png,314848,1048576,0.3002624512,true,true
Train,Rural,1191,data/LoveDA/Train/Rural/images_png/1191.png,data/LoveDA/Train/Rural/masks_png/1191.png,227669,1048576,0.2171220779,true,true
Train,Rural,1205,data/LoveDA/Train/Rural/images_png/1205.png,data/LoveDA/Train/Rural/masks_png/1205.png,369325,1048576,0.3522157669,true,true
Train,Rural,1211,data/LoveDA/Train/Rural/images_png/1211.png,data/LoveDA/Train/Rural/masks_png/1211.png,259678,1048576,0.2476482391,true,true
Train,Rural,1226,data/LoveDA/Train/Rural/images_png/1226.png,data/LoveDA/Train/Rural/masks_png/1226.png,203860,1048576,0.1944160461,true,true
Train,Rural,1259,data/LoveDA/Train/Rural/images_png/1259.png,data/LoveDA/Train/Rural/masks_png/1259.png,176723,1048576,0.1685361862,true,true
Train,Rural,1265,data/LoveDA/Train/Rural/images_png/1265.png,data/LoveDA/Train/Rural/masks_png/1265.png,232561,1048576,0.2217874527,true,true
Train,Rural,1308,data/LoveDA/Train/Rural/images_png/1308.png,data/LoveDA/Train/Rural/masks_png/1308.png,435228,1048576,0.4150657654,true,true
Train,Rural,1327,data/LoveDA/Train/Rural/images_png/1327.png,data/LoveDA/Train/Rural/masks_png/1327.png,284952,1048576,0.2717514038,true,true
Train,Rural,1349,data/LoveDA/Train/Rural/images_png/1349.png,data/LoveDA/Train/Rural/masks_png/1349.png,376916,1048576,0.3594551086,true,true
Train,Rural,1354,data/LoveDA/Train/Rural/images_png/1354.png,data/LoveDA/Train/Rural/masks_png/1354.png,257422,1048576,0.2454967499,true,true
Train,Rural,1360,data/LoveDA/Train/Rural/images_png/1360.png,data/LoveDA/Train/Rural/masks_png/1360.png,205348,1048576,0.1958351135,true,true
Train,Rural,1361,data/LoveDA/Train/Rural/images_png/1361.png,data/LoveDA/Train/Rural/masks_png/1361.png,147874,1048576,0.1410236359,true,true
Train,Rural,149,data/LoveDA/Train/Rural/images_png/149.png,data/LoveDA/Train/Rural/masks_png/149.png,176605,1048576,0.1684236526,true,true
Train,Rural,153,data/LoveDA/Train/Rural/images_png/153.png,data/LoveDA/Train/Rural/masks_png/153.png,231114,1048576,0.2204074860,true,true
Train,Rural,18,data/LoveDA/Train/Rural/images_png/18.png,data/LoveDA/Train/Rural/masks_png/18.png,262523,1048576,0.2503614426,true,true
Train,Rural,21,data/LoveDA/Train/Rural/images_png/21.png,data/LoveDA/Train/Rural/masks_png/21.png,328185,1048576,0.3129816055,true,true
Train,Rural,219,data/LoveDA/Train/Rural/images_png/219.png,data/LoveDA/Train/Rural/masks_png/219.png,551591,1048576,0.5260381699,true,true
Train,Rural,232,data/LoveDA/Train/Rural/images_png/232.png,data/LoveDA/Train/Rural/masks_png/232.png,431319,1048576,0.4113378525,true,true
Train,Rural,237,data/LoveDA/Train/Rural/images_png/237.png,data/LoveDA/Train/Rural/masks_png/237.png,146459,1048576,0.1396741867,true,true
Train,Rural,238,data/LoveDA/Train/Rural/images_png/238.png,data/LoveDA/Train/Rural/masks_png/238.png,155830,1048576,0.1486110687,true,true
Train,Rural,239,data/LoveDA/Train/Rural/images_png/239.png,data/LoveDA/Train/Rural/masks_png/239.png,405514,1048576,0.3867282867,true,true
Train,Rural,256,data/LoveDA/Train/Rural/images_png/256.png,data/LoveDA/Train/Rural/masks_png/256.png,348319,1048576,0.3321828842,true,true
Train,Rural,269,data/LoveDA/Train/Rural/images_png/269.png,data/LoveDA/Train/Rural/masks_png/269.png,289962,1048576,0.2765293121,true,true
Train,Rural,275,data/LoveDA/Train/Rural/images_png/275.png,data/LoveDA/Train/Rural/masks_png/275.png,551577,1048576,0.5260248184,true,true
Train,Rural,278,data/LoveDA/Train/Rural/images_png/278.png,data/LoveDA/Train/Rural/masks_png/278.png,548271,1048576,0.5228719711,true,true
Train,Rural,284,data/LoveDA/Train/Rural/images_png/284.png,data/LoveDA/Train/Rural/masks_png/284.png,170078,1048576,0.1621990204,true,true
Train,Rural,299,data/LoveDA/Train/Rural/images_png/299.png,data/LoveDA/Train/Rural/masks_png/299.png,227510,1048576,0.2169704437,true,true
Train,Rural,305,data/LoveDA/Train/Rural/images_png/305.png,data/LoveDA/Train/Rural/masks_png/305.png,328665,1048576,0.3134393692,true,true
Train,Rural,306,data/LoveDA/Train/Rural/images_png/306.png,data/LoveDA/Train/Rural/masks_png/306.png,431066,1048576,0.4110965729,true,true
Train,Rural,311,data/LoveDA/Train/Rural/images_png/311.png,data/LoveDA/Train/Rural/masks_png/311.png,179105,1048576,0.1708078384,true,true
Train,Rural,319,data/LoveDA/Train/Rural/images_png/319.png,data/LoveDA/Train/Rural/masks_png/319.png,376065,1048576,0.3586435318,true,true
Train,Rural,32,data/LoveDA/Train/Rural/images_png/32.png,data/LoveDA/Train/Rural/masks_png/32.png,371136,1048576,0.3539428711,true,true
Train,Rural,329,data/LoveDA/Train/Rural/images_png/329.png,data/LoveDA/Train/Rural/masks_png/329.png,373938,1048576,0.3566150665,true,true
Train,Rural,353,data/LoveDA/Train/Rural/images_png/353.png,data/LoveDA/Train/Rural/masks_png/353.png,242000,1048576,0.2307891846,true,true
Train,Rural,355,data/LoveDA/Train/Rural/images_png/355.png,data/LoveDA/Train/Rural/masks_png/355.png,343557,1048576,0.3276414871,true,true
Train,Rural,358,data/LoveDA/Train/Rural/images_png/358.png,data/LoveDA/Train/Rural/masks_png/358.png,404766,1048576,0.3860149384,true,true
Train,Rural,377,data/LoveDA/Train/Rural/images_png/377.png,data/LoveDA/Train/Rural/masks_png/377.png,119523,1048576,0.1139860153,true,true
Train,Rural,379,data/LoveDA/Train/Rural/images_png/379.png,data/LoveDA/Train/Rural/masks_png/379.png,140646,1048576,0.1341304779,true,true
Train,Rural,393,data/LoveDA/Train/Rural/images_png/393.png,data/LoveDA/Train/Rural/masks_png/393.png,254967,1048576,0.2431554794,true,true
Train,Rural,399,data/LoveDA/Train/Rural/images_png/399.png,data/LoveDA/Train/Rural/masks_png/399.png,228706,1048576,0.2181110382,true,true
Train,Rural,403,data/LoveDA/Train/Rural/images_png/403.png,data/LoveDA/Train/Rural/masks_png/403.png,169224,1048576,0.1613845825,true,true
Train,Rural,41,data/LoveDA/Train/Rural/images_png/41.png,data/LoveDA/Train/Rural/masks_png/41.png,316810,1048576,0.3021335602,true,true
Train,Rural,414,data/LoveDA/Train/Rural/images_png/414.png,data/LoveDA/Train/Rural/masks_png/414.png,406494,1048576,0.3876628876,true,true
Train,Rural,418,data/LoveDA/Train/Rural/images_png/418.png,data/LoveDA/Train/Rural/masks_png/418.png,113818,1048576,0.1085453033,true,true
Train,Rural,421,data/LoveDA/Train/Rural/images_png/421.png,data/LoveDA/Train/Rural/masks_png/421.png,202550,1048576,0.1931667328,true,true
Train,Rural,425,data/LoveDA/Train/Rural/images_png/425.png,data/LoveDA/Train/Rural/masks_png/425.png,372266,1048576,0.3550205231,true,true
Train,Rural,436,data/LoveDA/Train/Rural/images_png/436.png,data/LoveDA/Train/Rural/masks_png/436.png,270728,1048576,0.2581863403,true,true
Train,Rural,451,data/LoveDA/Train/Rural/images_png/451.png,data/LoveDA/Train/Rural/masks_png/451.png,199988,1048576,0.1907234192,true,true
Train,Rural,461,data/LoveDA/Train/Rural/images_png/461.png,data/LoveDA/Train/Rural/masks_png/461.png,340731,1048576,0.3249464035,true,true
Train,Rural,47,data/LoveDA/Train/Rural/images_png/47.png,data/LoveDA/Train/Rural/masks_png/47.png,236283,1048576,0.2253370285,true,true
Train,Rural,470,data/LoveDA/Train/Rural/images_png/470.png,data/LoveDA/Train/Rural/masks_png/470.png,492698,1048576,0.4698734283,true,true
Train,Rural,485,data/LoveDA/Train/Rural/images_png/485.png,data/LoveDA/Train/Rural/masks_png/485.png,141914,1048576,0.1353397369,true,true
Train,Rural,520,data/LoveDA/Train/Rural/images_png/520.png,data/LoveDA/Train/Rural/masks_png/520.png,291551,1048576,0.2780447006,true,true
Train,Rural,528,data/LoveDA/Train/Rural/images_png/528.png,data/LoveDA/Train/Rural/masks_png/528.png,399865,1048576,0.3813409805,true,true
Train,Rural,550,data/LoveDA/Train/Rural/images_png/550.png,data/LoveDA/Train/Rural/masks_png/550.png,173986,1048576,0.1659259796,true,true
Train,Rural,556,data/LoveDA/Train/Rural/images_png/556.png,data/LoveDA/Train/Rural/masks_png/556.png,145422,1048576,0.1386852264,true,true
Train,Rural,563,data/LoveDA/Train/Rural/images_png/563.png,data/LoveDA/Train/Rural/masks_png/563.png,433394,1048576,0.4133167267,true,true
Train,Rural,564,data/LoveDA/Train/Rural/images_png/564.png,data/LoveDA/Train/Rural/masks_png/564.png,184552,1048576,0.1760025024,true,true
Train,Rural,57,data/LoveDA/Train/Rural/images_png/57.png,data/LoveDA/Train/Rural/masks_png/57.png,362916,1048576,0.3461036682,true,true
Train,Rural,573,data/LoveDA/Train/Rural/images_png/573.png,data/LoveDA/Train/Rural/masks_png/573.png,264877,1048576,0.2526063919,true,true
Train,Rural,574,data/LoveDA/Train/Rural/images_png/574.png,data/LoveDA/Train/Rural/masks_png/574.png,293468,1048576,0.2798728943,true,true
Train,Rural,588,data/LoveDA/Train/Rural/images_png/588.png,data/LoveDA/Train/Rural/masks_png/588.png,320288,1048576,0.3054504395,true,true
Train,Rural,591,data/LoveDA/Train/Rural/images_png/591.png,data/LoveDA/Train/Rural/masks_png/591.png,148125,1048576,0.1412630081,true,true
Train,Rural,594,data/LoveDA/Train/Rural/images_png/594.png,data/LoveDA/Train/Rural/masks_png/594.png,284826,1048576,0.2716312408,true,true
Train,Rural,595,data/LoveDA/Train/Rural/images_png/595.png,data/LoveDA/Train/Rural/masks_png/595.png,342408,1048576,0.3265457153,true,true
Train,Rural,596,data/LoveDA/Train/Rural/images_png/596.png,data/LoveDA/Train/Rural/masks_png/596.png,318663,1048576,0.3039007187,true,true
Train,Rural,602,data/LoveDA/Train/Rural/images_png/602.png,data/LoveDA/Train/Rural/masks_png/602.png,521436,1048576,0.4972801208,true,true
Train,Rural,610,data/LoveDA/Train/Rural/images_png/610.png,data/LoveDA/Train/Rural/masks_png/610.png,198795,1048576,0.1895856857,true,true
Train,Rural,611,data/LoveDA/Train/Rural/images_png/611.png,data/LoveDA/Train/Rural/masks_png/611.png,462717,1048576,0.4412813187,true,true
Train,Rural,629,data/LoveDA/Train/Rural/images_png/629.png,data/LoveDA/Train/Rural/masks_png/629.png,226383,1048576,0.2158956528,true,true
Train,Rural,642,data/LoveDA/Train/Rural/images_png/642.png,data/LoveDA/Train/Rural/masks_png/642.png,463966,1048576,0.4424724579,true,true
Train,Rural,647,data/LoveDA/Train/Rural/images_png/647.png,data/LoveDA/Train/Rural/masks_png/647.png,434120,1048576,0.4140090942,true,true
Train,Rural,673,data/LoveDA/Train/Rural/images_png/673.png,data/LoveDA/Train/Rural/masks_png/673.png,553665,1048576,0.5280160904,true,true
Train,Rural,680,data/LoveDA/Train/Rural/images_png/680.png,data/LoveDA/Train/Rural/masks_png/680.png,288244,1048576,0.2748908997,true,true
Train,Rural,682,data/LoveDA/Train/Rural/images_png/682.png,data/LoveDA/Train/Rural/masks_png/682.png,283553,1048576,0.2704172134,true,true
Train,Rural,689,data/LoveDA/Train/Rural/images_png/689.png,data/LoveDA/Train/Rural/masks_png/689.png,345374,1048576,0.3293743134,true,true
Train,Rural,691,data/LoveDA/Train/Rural/images_png/691.png,data/LoveDA/Train/Rural/masks_png/691.png,261262,1048576,0.2491588593,true,true
Train,Rural,697,data/LoveDA/Train/Rural/images_png/697.png,data/LoveDA/Train/Rural/masks_png/697.png,545323,1048576,0.5200605392,true,true
Train,Rural,698,data/LoveDA/Train/Rural/images_png/698.png,data/LoveDA/Train/Rural/masks_png/698.png,516760,1048576,0.4928207397,true,true
Train,Rural,70,data/LoveDA/Train/Rural/images_png/70.png,data/LoveDA/Train/Rural/masks_png/70.png,142546,1048576,0.1359424591,true,true
Train,Rural,713,data/LoveDA/Train/Rural/images_png/713.png,data/LoveDA/Train/Rural/masks_png/713.png,347364,1048576,0.3312721252,true,true
Train,Rural,717,data/LoveDA/Train/Rural/images_png/717.png,data/LoveDA/Train/Rural/masks_png/717.png,150519,1048576,0.1435461044,true,true
Train,Rural,735,data/LoveDA/Train/Rural/images_png/735.png,data/LoveDA/Train/Rural/masks_png/735.png,370543,1048576,0.3533773422,true,true
Train,Rural,739,data/LoveDA/Train/Rural/images_png/739.png,data/LoveDA/Train/Rural/masks_png/739.png,491315,1048576,0.4685544968,true,true
Train,Rural,741,data/LoveDA/Train/Rural/images_png/741.png,data/LoveDA/Train/Rural/masks_png/741.png,256249,1048576,0.2443780899,true,true
Train,Rural,743,data/LoveDA/Train/Rural/images_png/743.png,data/LoveDA/Train/Rural/masks_png/743.png,197802,1048576,0.1886386871,true,true
Train,Rural,745,data/LoveDA/Train/Rural/images_png/745.png,data/LoveDA/Train/Rural/masks_png/745.png,488195,1048576,0.4655790329,true,true
Train,Rural,751,data/LoveDA/Train/Rural/images_png/751.png,data/LoveDA/Train/Rural/masks_png/751.png,402502,1048576,0.3838558197,true,true
Train,Rural,754,data/LoveDA/Train/Rural/images_png/754.png,data/LoveDA/Train/Rural/masks_png/754.png,113326,1048576,0.1080760956,true,true
Train,Rural,760,data/LoveDA/Train/Rural/images_png/760.png,data/LoveDA/Train/Rural/masks_png/760.png,312142,1048576,0.2976818085,true,true
Train,Rural,771,data/LoveDA/Train/Rural/images_png/771.png,data/LoveDA/Train/Rural/masks_png/771.png,459630,1048576,0.4383373260,true,true
Train,Rural,777,data/LoveDA/Train/Rural/images_png/777.png,data/LoveDA/Train/Rural/masks_png/777.png,397916,1048576,0.3794822693,true,true
Train,Rural,787,data/LoveDA/Train/Rural/images_png/787.png,data/LoveDA/Train/Rural/masks_png/787.png,433467,1048576,0.4133863449,true,true
Train,Rural,802,data/LoveDA/Train/Rural/images_png/802.png,data/LoveDA/Train/Rural/masks_png/802.png,199089,1048576,0.1898660660,true,true
Train,Rural,813,data/LoveDA/Train/Rural/images_png/813.png,data/LoveDA/Train/Rural/masks_png/813.png,175160,1048576,0.1670455933,true,true
Train,Rural,816,data/LoveDA/Train/Rural/images_png/816.png,data/LoveDA/Train/Rural/masks_png/816.png,119134,1048576,0.1136150360,true,true
Train,Rural,835,data/LoveDA/Train/Rural/images_png/835.png,data/LoveDA/Train/Rural/masks_png/835.png,205321,1048576,0.1958093643,true,true
Train,Rural,855,data/LoveDA/Train/Rural/images_png/855.png,data/LoveDA/Train/Rural/masks_png/855.png,490869,1048576,0.4681291580,true,true
Train,Rural,869,data/LoveDA/Train/Rural/images_png/869.png,data/LoveDA/Train/Rural/masks_png/869.png,141364,1048576,0.1348152161,true,true
Train,Rural,87,data/LoveDA/Train/Rural/images_png/87.png,data/LoveDA/Train/Rural/masks_png/87.png,349023,1048576,0.3328542709,true,true
Train,Rural,882,data/LoveDA/Train/Rural/images_png/882.png,data/LoveDA/Train/Rural/masks_png/882.png,262818,1048576,0.2506427765,true,true
Train,Rural,896,data/LoveDA/Train/Rural/images_png/896.png,data/LoveDA/Train/Rural/masks_png/896.png,399112,1048576,0.3806228638,true,true
Train,Rural,931,data/LoveDA/Train/Rural/images_png/931.png,data/LoveDA/Train/Rural/masks_png/931.png,256232,1048576,0.2443618774,true,true
Train,Rural,932,data/LoveDA/Train/Rural/images_png/932.png,data/LoveDA/Train/Rural/masks_png/932.png,519569,1048576,0.4954996109,true,true
Train,Rural,933,data/LoveDA/Train/Rural/images_png/933.png,data/LoveDA/Train/Rural/masks_png/933.png,291124,1048576,0.2776374817,true,true
Train,Rural,941,data/LoveDA/Train/Rural/images_png/941.png,data/LoveDA/Train/Rural/masks_png/941.png,519912,1048576,0.4958267212,true,true
Train,Rural,958,data/LoveDA/Train/Rural/images_png/958.png,data/LoveDA/Train/Rural/masks_png/958.png,313400,1048576,0.2988815308,true,true
Train,Rural,966,data/LoveDA/Train/Rural/images_png/966.png,data/LoveDA/Train/Rural/masks_png/966.png,313680,1048576,0.2991485596,true,true
Train,Rural,982,data/LoveDA/Train/Rural/images_png/982.png,data/LoveDA/Train/Rural/masks_png/982.png,116859,1048576,0.1114454269,true,true
Train,Rural,998,data/LoveDA/Train/Rural/images_png/998.png,data/LoveDA/Train/Rural/masks_png/998.png,112073,1048576,0.1068811417,true,true
Train,Rural,999,data/LoveDA/Train/Rural/images_png/999.png,data/LoveDA/Train/Rural/masks_png/999.png,121935,1048576,0.1162862778,true,true
Val,Urban,3518,data/LoveDA/Val/Urban/images_png/3518.png,data/LoveDA/Val/Urban/masks_png/3518.png,558019,1048576,0.5321683884,true,true
Val,Urban,3520,data/LoveDA/Val/Urban/images_png/3520.png,data/LoveDA/Val/Urban/masks_png/3520.png,115353,1048576,0.1100091934,true,true
Val,Urban,3525,data/LoveDA/Val/Urban/images_png/3525.png,data/LoveDA/Val/Urban/masks_png/3525.png,147319,1048576,0.1404943466,true,true
Val,Urban,3527,data/LoveDA/Val/Urban/images_png/3527.png,data/LoveDA/Val/Urban/masks_png/3527.png,205327,1048576,0.1958150864,true,true
Val,Urban,3531,data/LoveDA/Val/Urban/images_png/3531.png,data/LoveDA/Val/Urban/masks_png/3531.png,265000,1048576,0.2527236938,true,true
Val,Urban,3538,data/LoveDA/Val/Urban/images_png/3538.png,data/LoveDA/Val/Urban/masks_png/3538.png,246950,1048576,0.2355098724,true,true
Val,Urban,3544,data/LoveDA/Val/Urban/images_png/3544.png,data/LoveDA/Val/Urban/masks_png/3544.png,188943,1048576,0.1801900864,true,true
Val,Urban,3552,data/LoveDA/Val/Urban/images_png/3552.png,data/LoveDA/Val/Urban/masks_png/3552.png,114873,1048576,0.1095514297,true,true
Val,Urban,3557,data/LoveDA/Val/Urban/images_png/3557.png,data/LoveDA/Val/Urban/masks_png/3557.png,146085,1048576,0.1393175125,true,true
Val,Urban,3571,data/LoveDA/Val/Urban/images_png/3571.png,data/LoveDA/Val/Urban/masks_png/3571.png,323077,1048576,0.3081102371,true,true
Val,Urban,3573,data/LoveDA/Val/Urban/images_png/3573.png,data/LoveDA/Val/Urban/masks_png/3573.png,304963,1048576,0.2908353806,true,true
Val,Urban,3597,data/LoveDA/Val/Urban/images_png/3597.png,data/LoveDA/Val/Urban/masks_png/3597.png,553381,1048576,0.5277452469,true,true
Val,Urban,3598,data/LoveDA/Val/Urban/images_png/3598.png,data/LoveDA/Val/Urban/masks_png/3598.png,383994,1048576,0.3662052155,true,true
Val,Urban,3603,data/LoveDA/Val/Urban/images_png/3603.png,data/LoveDA/Val/Urban/masks_png/3603.png,117058,1048576,0.1116352081,true,true
Val,Urban,3615,data/LoveDA/Val/Urban/images_png/3615.png,data/LoveDA/Val/Urban/masks_png/3615.png,350348,1048576,0.3341178894,true,true
Val,Urban,3618,data/LoveDA/Val/Urban/images_png/3618.png,data/LoveDA/Val/Urban/masks_png/3618.png,143906,1048576,0.1372394562,true,true
Val,Urban,3620,data/LoveDA/Val/Urban/images_png/3620.png,data/LoveDA/Val/Urban/masks_png/3620.png,318502,1048576,0.3037471771,true,true
Val,Urban,3621,data/LoveDA/Val/Urban/images_png/3621.png,data/LoveDA/Val/Urban/masks_png/3621.png,362970,1048576,0.3461551666,true,true
Val,Urban,3634,data/LoveDA/Val/Urban/images_png/3634.png,data/LoveDA/Val/Urban/masks_png/3634.png,333964,1048576,0.3184928894,true,true
Val,Urban,3635,data/LoveDA/Val/Urban/images_png/3635.png,data/LoveDA/Val/Urban/masks_png/3635.png,497316,1048576,0.4742774963,true,true
Val,Urban,3640,data/LoveDA/Val/Urban/images_png/3640.png,data/LoveDA/Val/Urban/masks_png/3640.png,148836,1048576,0.1419410706,true,true
Val,Urban,3646,data/LoveDA/Val/Urban/images_png/3646.png,data/LoveDA/Val/Urban/masks_png/3646.png,349279,1048576,0.3330984116,true,true
Val,Urban,3651,data/LoveDA/Val/Urban/images_png/3651.png,data/LoveDA/Val/Urban/masks_png/3651.png,275956,1048576,0.2631721497,true,true
Val,Urban,3654,data/LoveDA/Val/Urban/images_png/3654.png,data/LoveDA/Val/Urban/masks_png/3654.png,376054,1048576,0.3586330414,true,true
Val,Urban,3659,data/LoveDA/Val/Urban/images_png/3659.png,data/LoveDA/Val/Urban/masks_png/3659.png,144365,1048576,0.1376771927,true,true
Val,Urban,3672,data/LoveDA/Val/Urban/images_png/3672.png,data/LoveDA/Val/Urban/masks_png/3672.png,468269,1048576,0.4465761185,true,true
Val,Urban,3687,data/LoveDA/Val/Urban/images_png/3687.png,data/LoveDA/Val/Urban/masks_png/3687.png,437362,1048576,0.4171009064,true,true
Val,Urban,3696,data/LoveDA/Val/Urban/images_png/3696.png,data/LoveDA/Val/Urban/masks_png/3696.png,159936,1048576,0.1525268555,true,true
Val,Urban,3697,data/LoveDA/Val/Urban/images_png/3697.png,data/LoveDA/Val/Urban/masks_png/3697.png,176320,1048576,0.1681518555,true,true
Val,Urban,3702,data/LoveDA/Val/Urban/images_png/3702.png,data/LoveDA/Val/Urban/masks_png/3702.png,118314,1048576,0.1128330231,true,true
Val,Urban,3705,data/LoveDA/Val/Urban/images_png/3705.png,data/LoveDA/Val/Urban/masks_png/3705.png,495376,1048576,0.4724273682,true,true
Val,Urban,3710,data/LoveDA/Val/Urban/images_png/3710.png,data/LoveDA/Val/Urban/masks_png/3710.png,439381,1048576,0.4190263748,true,true
Val,Urban,3716,data/LoveDA/Val/Urban/images_png/3716.png,data/LoveDA/Val/Urban/masks_png/3716.png,320249,1048576,0.3054132462,true,true
Val,Urban,3722,data/LoveDA/Val/Urban/images_png/3722.png,data/LoveDA/Val/Urban/masks_png/3722.png,379354,1048576,0.3617801666,true,true
Val,Urban,3745,data/LoveDA/Val/Urban/images_png/3745.png,data/LoveDA/Val/Urban/masks_png/3745.png,292340,1048576,0.2787971497,true,true
Val,Urban,3752,data/LoveDA/Val/Urban/images_png/3752.png,data/LoveDA/Val/Urban/masks_png/3752.png,234332,1048576,0.2234764099,true,true
Val,Urban,3763,data/LoveDA/Val/Urban/images_png/3763.png,data/LoveDA/Val/Urban/masks_png/3763.png,235956,1048576,0.2250251770,true,true
Val,Urban,3780,data/LoveDA/Val/Urban/images_png/3780.png,data/LoveDA/Val/Urban/masks_png/3780.png,381153,1048576,0.3634958267,true,true
Val,Urban,3784,data/LoveDA/Val/Urban/images_png/3784.png,data/LoveDA/Val/Urban/masks_png/3784.png,376569,1048576,0.3591241837,true,true
Val,Urban,3785,data/LoveDA/Val/Urban/images_png/3785.png,data/LoveDA/Val/Urban/masks_png/3785.png,526351,1048576,0.5019674301,true,true
Val,Urban,3794,data/LoveDA/Val/Urban/images_png/3794.png,data/LoveDA/Val/Urban/masks_png/3794.png,321347,1048576,0.3064603806,true,true
Val,Urban,3797,data/LoveDA/Val/Urban/images_png/3797.png,data/LoveDA/Val/Urban/masks_png/3797.png,291210,1048576,0.2777194977,true,true
Val,Urban,3802,data/LoveDA/Val/Urban/images_png/3802.png,data/LoveDA/Val/Urban/masks_png/3802.png,318034,1048576,0.3033008575,true,true
Val,Urban,3814,data/LoveDA/Val/Urban/images_png/3814.png,data/LoveDA/Val/Urban/masks_png/3814.png,206918,1048576,0.1973323822,true,true
Val,Urban,3819,data/LoveDA/Val/Urban/images_png/3819.png,data/LoveDA/Val/Urban/masks_png/3819.png,119800,1048576,0.1142501831,true,true
Val,Urban,3826,data/LoveDA/Val/Urban/images_png/3826.png,data/LoveDA/Val/Urban/masks_png/3826.png,507992,1048576,0.4844589233,true,true
Val,Urban,3868,data/LoveDA/Val/Urban/images_png/3868.png,data/LoveDA/Val/Urban/masks_png/3868.png,558413,1048576,0.5325441360,true,true
Val,Urban,3887,data/LoveDA/Val/Urban/images_png/3887.png,data/LoveDA/Val/Urban/masks_png/3887.png,478992,1048576,0.4568023682,true,true
Val,Urban,3888,data/LoveDA/Val/Urban/images_png/3888.png,data/LoveDA/Val/Urban/masks_png/3888.png,130935,1048576,0.1248693466,true,true
Val,Urban,3902,data/LoveDA/Val/Urban/images_png/3902.png,data/LoveDA/Val/Urban/masks_png/3902.png,177882,1048576,0.1696414948,true,true
Val,Urban,3903,data/LoveDA/Val/Urban/images_png/3903.png,data/LoveDA/Val/Urban/masks_png/3903.png,391976,1048576,0.3738174438,true,true
Val,Urban,3907,data/LoveDA/Val/Urban/images_png/3907.png,data/LoveDA/Val/Urban/masks_png/3907.png,172933,1048576,0.1649217606,true,true
Val,Urban,3917,data/LoveDA/Val/Urban/images_png/3917.png,data/LoveDA/Val/Urban/masks_png/3917.png,259999,1048576,0.2479543686,true,true
Val,Urban,3923,data/LoveDA/Val/Urban/images_png/3923.png,data/LoveDA/Val/Urban/masks_png/3923.png,233156,1048576,0.2223548889,true,true
Val,Urban,3931,data/LoveDA/Val/Urban/images_png/3931.png,data/LoveDA/Val/Urban/masks_png/3931.png,347530,1048576,0.3314304352,true,true
Val,Urban,3936,data/LoveDA/Val/Urban/images_png/3936.png,data/LoveDA/Val/Urban/masks_png/3936.png,352118,1048576,0.3358058929,true,true
Val,Urban,3939,data/LoveDA/Val/Urban/images_png/3939.png,data/LoveDA/Val/Urban/masks_png/3939.png,263334,1048576,0.2511348724,true,true
Val,Urban,3951,data/LoveDA/Val/Urban/images_png/3951.png,data/LoveDA/Val/Urban/masks_png/3951.png,449984,1048576,0.4291381836,true,true
Val,Urban,3956,data/LoveDA/Val/Urban/images_png/3956.png,data/LoveDA/Val/Urban/masks_png/3956.png,420978,1048576,0.4014759064,true,true
Val,Urban,3960,data/LoveDA/Val/Urban/images_png/3960.png,data/LoveDA/Val/Urban/masks_png/3960.png,289476,1048576,0.2760658264,true,true
Val,Urban,3961,data/LoveDA/Val/Urban/images_png/3961.png,data/LoveDA/Val/Urban/masks_png/3961.png,202405,1048576,0.1930284500,true,true
Val,Urban,3970,data/LoveDA/Val/Urban/images_png/3970.png,data/LoveDA/Val/Urban/masks_png/3970.png,405066,1048576,0.3863010406,true,true
Val,Urban,3975,data/LoveDA/Val/Urban/images_png/3975.png,data/LoveDA/Val/Urban/masks_png/3975.png,408360,1048576,0.3894424438,true,true
Val,Urban,4007,data/LoveDA/Val/Urban/images_png/4007.png,data/LoveDA/Val/Urban/masks_png/4007.png,175103,1048576,0.1669912338,true,true
Val,Urban,4038,data/LoveDA/Val/Urban/images_png/4038.png,data/LoveDA/Val/Urban/masks_png/4038.png,260444,1048576,0.2483787537,true,true
Val,Urban,4065,data/LoveDA/Val/Urban/images_png/4065.png,data/LoveDA/Val/Urban/masks_png/4065.png,201953,1048576,0.1925973892,true,true
Val,Urban,4071,data/LoveDA/Val/Urban/images_png/4071.png,data/LoveDA/Val/Urban/masks_png/4071.png,294036,1048576,0.2804145813,true,true
Val,Urban,4074,data/LoveDA/Val/Urban/images_png/4074.png,data/LoveDA/Val/Urban/masks_png/4074.png,231423,1048576,0.2207021713,true,true
Val,Urban,4079,data/LoveDA/Val/Urban/images_png/4079.png,data/LoveDA/Val/Urban/masks_png/4079.png,434072,1048576,0.4139633179,true,true
Val,Urban,4080,data/LoveDA/Val/Urban/images_png/4080.png,data/LoveDA/Val/Urban/masks_png/4080.png,289013,1048576,0.2756242752,true,true
Val,Urban,4088,data/LoveDA/Val/Urban/images_png/4088.png,data/LoveDA/Val/Urban/masks_png/4088.png,439382,1048576,0.4190273285,true,true
Val,Urban,4092,data/LoveDA/Val/Urban/images_png/4092.png,data/LoveDA/Val/Urban/masks_png/4092.png,262182,1048576,0.2500362396,true,true
Val,Urban,4093,data/LoveDA/Val/Urban/images_png/4093.png,data/LoveDA/Val/Urban/masks_png/4093.png,405599,1048576,0.3868093491,true,true
Val,Urban,4116,data/LoveDA/Val/Urban/images_png/4116.png,data/LoveDA/Val/Urban/masks_png/4116.png,230980,1048576,0.2202796936,true,true
Val,Urban,4131,data/LoveDA/Val/Urban/images_png/4131.png,data/LoveDA/Val/Urban/masks_png/4131.png,347046,1048576,0.3309688568,true,true
Val,Urban,4142,data/LoveDA/Val/Urban/images_png/4142.png,data/LoveDA/Val/Urban/masks_png/4142.png,541843,1048576,0.5167417526,true,true
Val,Urban,4147,data/LoveDA/Val/Urban/images_png/4147.png,data/LoveDA/Val/Urban/masks_png/4147.png,173378,1048576,0.1653461456,true,true
Val,Urban,4158,data/LoveDA/Val/Urban/images_png/4158.png,data/LoveDA/Val/Urban/masks_png/4158.png,536997,1048576,0.5121202469,true,true
Val,Urban,4164,data/LoveDA/Val/Urban/images_png/4164.png,data/LoveDA/Val/Urban/masks_png/4164.png,204124,1048576,0.1946678162,true,true
Val,Urban,4165,data/LoveDA/Val/Urban/images_png/4165.png,data/LoveDA/Val/Urban/masks_png/4165.png,466368,1048576,0.4447631836,true,true
Val,Urban,4172,data/LoveDA/Val/Urban/images_png/4172.png,data/LoveDA/Val/Urban/masks_png/4172.png,217948,1048576,0.2078514099,true,true
Val,Urban,4173,data/LoveDA/Val/Urban/images_png/4173.png,data/LoveDA/Val/Urban/masks_png/4173.png,524376,1048576,0.5000839233,true,true
Val,Urban,4180,data/LoveDA/Val/Urban/images_png/4180.png,data/LoveDA/Val/Urban/masks_png/4180.png,439235,1048576,0.4188871384,true,true
Val,Urban,4187,data/LoveDA/Val/Urban/images_png/4187.png,data/LoveDA/Val/Urban/masks_png/4187.png,410195,1048576,0.3911924362,true,true
Val,Rural,2535,data/LoveDA/Val/Rural/images_png/2535.png,data/LoveDA/Val/Rural/masks_png/2535.png,116086,1048576,0.1107082367,true,true
Val,Rural,2546,data/LoveDA/Val/Rural/images_png/2546.png,data/LoveDA/Val/Rural/masks_png/2546.png,204259,1048576,0.1947965622,true,true
Val,Rural,2563,data/LoveDA/Val/Rural/images_png/2563.png,data/LoveDA/Val/Rural/masks_png/2563.png,233651,1048576,0.2228269577,true,true
Val,Rural,2567,data/LoveDA/Val/Rural/images_png/2567.png,data/LoveDA/Val/Rural/masks_png/2567.png,204452,1048576,0.1949806213,true,true
Val,Rural,2571,data/LoveDA/Val/Rural/images_png/2571.png,data/LoveDA/Val/Rural/masks_png/2571.png,380790,1048576,0.3631496429,true,true
Val,Rural,2573,data/LoveDA/Val/Rural/images_png/2573.png,data/LoveDA/Val/Rural/masks_png/2573.png,384108,1048576,0.3663139343,true,true
Val,Rural,2577,data/LoveDA/Val/Rural/images_png/2577.png,data/LoveDA/Val/Rural/masks_png/2577.png,325357,1048576,0.3102846146,true,true
Val,Rural,2598,data/LoveDA/Val/Rural/images_png/2598.png,data/LoveDA/Val/Rural/masks_png/2598.png,441205,1048576,0.4207658768,true,true
Val,Rural,2615,data/LoveDA/Val/Rural/images_png/2615.png,data/LoveDA/Val/Rural/masks_png/2615.png,322016,1048576,0.3070983887,true,true
Val,Rural,2617,data/LoveDA/Val/Rural/images_png/2617.png,data/LoveDA/Val/Rural/masks_png/2617.png,561686,1048576,0.5356655121,true,true
Val,Rural,2621,data/LoveDA/Val/Rural/images_png/2621.png,data/LoveDA/Val/Rural/masks_png/2621.png,382376,1048576,0.3646621704,true,true
Val,Rural,2641,data/LoveDA/Val/Rural/images_png/2641.png,data/LoveDA/Val/Rural/masks_png/2641.png,174870,1048576,0.1667690277,true,true
Val,Rural,2682,data/LoveDA/Val/Rural/images_png/2682.png,data/LoveDA/Val/Rural/masks_png/2682.png,205900,1048576,0.1963615417,true,true
Val,Rural,2686,data/LoveDA/Val/Rural/images_png/2686.png,data/LoveDA/Val/Rural/masks_png/2686.png,149089,1048576,0.1421823502,true,true
Val,Rural,2690,data/LoveDA/Val/Rural/images_png/2690.png,data/LoveDA/Val/Rural/masks_png/2690.png,117666,1048576,0.1122150421,true,true
Val,Rural,2744,data/LoveDA/Val/Rural/images_png/2744.png,data/LoveDA/Val/Rural/masks_png/2744.png,178463,1048576,0.1701955795,true,true
Val,Rural,2783,data/LoveDA/Val/Rural/images_png/2783.png,data/LoveDA/Val/Rural/masks_png/2783.png,147078,1048576,0.1402645111,true,true
Val,Rural,2809,data/LoveDA/Val/Rural/images_png/2809.png,data/LoveDA/Val/Rural/masks_png/2809.png,443799,1048576,0.4232397079,true,true
Val,Rural,2836,data/LoveDA/Val/Rural/images_png/2836.png,data/LoveDA/Val/Rural/masks_png/2836.png,472241,1048576,0.4503641129,true,true
Val,Rural,2840,data/LoveDA/Val/Rural/images_png/2840.png,data/LoveDA/Val/Rural/masks_png/2840.png,410070,1048576,0.3910732269,true,true
Val,Rural,2845,data/LoveDA/Val/Rural/images_png/2845.png,data/LoveDA/Val/Rural/masks_png/2845.png,500025,1048576,0.4768610001,true,true
Val,Rural,2870,data/LoveDA/Val/Rural/images_png/2870.png,data/LoveDA/Val/Rural/masks_png/2870.png,561871,1048576,0.5358419418,true,true
Val,Rural,2874,data/LoveDA/Val/Rural/images_png/2874.png,data/LoveDA/Val/Rural/masks_png/2874.png,470616,1048576,0.4488143921,true,true
Val,Rural,2891,data/LoveDA/Val/Rural/images_png/2891.png,data/LoveDA/Val/Rural/masks_png/2891.png,380666,1048576,0.3630313873,true,true
Val,Rural,2892,data/LoveDA/Val/Rural/images_png/2892.png,data/LoveDA/Val/Rural/masks_png/2892.png,354731,1048576,0.3382978439,true,true
Val,Rural,2918,data/LoveDA/Val/Rural/images_png/2918.png,data/LoveDA/Val/Rural/masks_png/2918.png,116251,1048576,0.1108655930,true,true
Val,Rural,2973,data/LoveDA/Val/Rural/images_png/2973.png,data/LoveDA/Val/Rural/masks_png/2973.png,175053,1048576,0.1669435501,true,true
Val,Rural,2987,data/LoveDA/Val/Rural/images_png/2987.png,data/LoveDA/Val/Rural/masks_png/2987.png,294137,1048576,0.2805109024,true,true
Val,Rural,3004,data/LoveDA/Val/Rural/images_png/3004.png,data/LoveDA/Val/Rural/masks_png/3004.png,321852,1048576,0.3069419861,true,true
Val,Rural,3011,data/LoveDA/Val/Rural/images_png/3011.png,data/LoveDA/Val/Rural/masks_png/3011.png,263051,1048576,0.2508649826,true,true
Val,Rural,3018,data/LoveDA/Val/Rural/images_png/3018.png,data/LoveDA/Val/Rural/masks_png/3018.png,323554,1048576,0.3085651398,true,true
Val,Rural,3044,data/LoveDA/Val/Rural/images_png/3044.png,data/LoveDA/Val/Rural/masks_png/3044.png,235318,1048576,0.2244167328,true,true
Val,Rural,3050,data/LoveDA/Val/Rural/images_png/3050.png,data/LoveDA/Val/Rural/masks_png/3050.png,145474,1048576,0.1387348175,true,true
Val,Rural,3056,data/LoveDA/Val/Rural/images_png/3056.png,data/LoveDA/Val/Rural/masks_png/3056.png,351255,1048576,0.3349828720,true,true
Val,Rural,3060,data/LoveDA/Val/Rural/images_png/3060.png,data/LoveDA/Val/Rural/masks_png/3060.png,352967,1048576,0.3366155624,true,true
Val,Rural,3069,data/LoveDA/Val/Rural/images_png/3069.png,data/LoveDA/Val/Rural/masks_png/3069.png,207844,1048576,0.1982154846,true,true
Val,Rural,3096,data/LoveDA/Val/Rural/images_png/3096.png,data/LoveDA/Val/Rural/masks_png/3096.png,351400,1048576,0.3351211548,true,true
Val,Rural,3100,data/LoveDA/Val/Rural/images_png/3100.png,data/LoveDA/Val/Rural/masks_png/3100.png,410170,1048576,0.3911685944,true,true
Val,Rural,3123,data/LoveDA/Val/Rural/images_png/3123.png,data/LoveDA/Val/Rural/masks_png/3123.png,295977,1048576,0.2822656631,true,true
Val,Rural,3195,data/LoveDA/Val/Rural/images_png/3195.png,data/LoveDA/Val/Rural/masks_png/3195.png,176489,1048576,0.1683130264,true,true
Val,Rural,3263,data/LoveDA/Val/Rural/images_png/3263.png,data/LoveDA/Val/Rural/masks_png/3263.png,233842,1048576,0.2230091095,true,true
Val,Rural,3299,data/LoveDA/Val/Rural/images_png/3299.png,data/LoveDA/Val/Rural/masks_png/3299.png,237223,1048576,0.2262334824,true,true
Val,Rural,3303,data/LoveDA/Val/Rural/images_png/3303.png,data/LoveDA/Val/Rural/masks_png/3303.png,413492,1048576,0.3943367004,true,true
Val,Rural,3311,data/LoveDA/Val/Rural/images_png/3311.png,data/LoveDA/Val/Rural/masks_png/3311.png,292449,1048576,0.2789011002,true,true
Val,Rural,3347,data/LoveDA/Val/Rural/images_png/3347.png,data/LoveDA/Val/Rural/masks_png/3347.png,444203,1048576,0.4236249924,true,true
Val,Rural,3348,data/LoveDA/Val/Rural/images_png/3348.png,data/LoveDA/Val/Rural/masks_png/3348.png,264728,1048576,0.2524642944,true,true
Val,Rural,3379,data/LoveDA/Val/Rural/images_png/3379.png,data/LoveDA/Val/Rural/masks_png/3379.png,263236,1048576,0.2510414124,true,true
Val,Rural,3382,data/LoveDA/Val/Rural/images_png/3382.png,data/LoveDA/Val/Rural/masks_png/3382.png,411787,1048576,0.3927106857,true,true
Val,Rural,3391,data/LoveDA/Val/Rural/images_png/3391.png,data/LoveDA/Val/Rural/masks_png/3391.png,292631,1048576,0.2790746689,true,true
Val,Rural,3427,data/LoveDA/Val/Rural/images_png/3427.png,data/LoveDA/Val/Rural/masks_png/3427.png,442867,1048576,0.4223508835,true,true
Val,Rural,3445,data/LoveDA/Val/Rural/images_png/3445.png,data/LoveDA/Val/Rural/masks_png/3445.png,119713,1048576,0.1141672134,true,true
Val,Rural,3453,data/LoveDA/Val/Rural/images_png/3453.png,data/LoveDA/Val/Rural/masks_png/3453.png,266598,1048576,0.2542476654,true,true
Val,Rural,3479,data/LoveDA/Val/Rural/images_png/3479.png,data/LoveDA/Val/Rural/masks_png/3479.png,531002,1048576,0.5064029694,true,true
Val,Rural,3483,data/LoveDA/Val/Rural/images_png/3483.png,data/LoveDA/Val/Rural/masks_png/3483.png,145649,1048576,0.1389017105,true,true
Val,Rural,3484,data/LoveDA/Val/Rural/images_png/3484.png,data/LoveDA/Val/Rural/masks_png/3484.png,501626,1048576,0.4783878326,true,true
Val,Rural,3496,data/LoveDA/Val/Rural/images_png/3496.png,data/LoveDA/Val/Rural/masks_png/3496.png,529438,1048576,0.5049114227,true,true
Test,Urban,5170,data/LoveDA/Test/Urban/images_png/5170.png,,348235,1048576,0.3321027756,true,false
Test,Urban,5184,data/LoveDA/Test/Urban/images_png/5184.png,,148171,1048576,0.1413068771,true,false
Test,Urban,5185,data/LoveDA/Test/Urban/images_png/5185.png,,293701,1048576,0.2800951004,true,false
Test,Urban,5191,data/LoveDA/Test/Urban/images_png/5191.png,,430021,1048576,0.4100999832,true,false
Test,Urban,5204,data/LoveDA/Test/Urban/images_png/5204.png,,468335,1048576,0.4466390610,true,false
Test,Urban,5214,data/LoveDA/Test/Urban/images_png/5214.png,,324865,1048576,0.3098154068,true,false
Test,Urban,5224,data/LoveDA/Test/Urban/images_png/5224.png,,138955,1048576,0.1325178146,true,false
Test,Urban,5230,data/LoveDA/Test/Urban/images_png/5230.png,,231762,1048576,0.2210254669,true,false
Test,Urban,5234,data/LoveDA/Test/Urban/images_png/5234.png,,323274,1048576,0.3082981110,true,false
Test,Urban,5261,data/LoveDA/Test/Urban/images_png/5261.png,,261036,1048576,0.2489433289,true,false
Test,Urban,5292,data/LoveDA/Test/Urban/images_png/5292.png,,289988,1048576,0.2765541077,true,false
Test,Urban,5302,data/LoveDA/Test/Urban/images_png/5302.png,,202780,1048576,0.1933860779,true,false
Test,Urban,5307,data/LoveDA/Test/Urban/images_png/5307.png,,235829,1048576,0.2249040604,true,false
Test,Urban,5322,data/LoveDA/Test/Urban/images_png/5322.png,,206382,1048576,0.1968212128,true,false
Test,Urban,5336,data/LoveDA/Test/Urban/images_png/5336.png,,290159,1048576,0.2767171860,true,false
Test,Urban,5338,data/LoveDA/Test/Urban/images_png/5338.png,,150111,1048576,0.1431570053,true,false
Test,Urban,5353,data/LoveDA/Test/Urban/images_png/5353.png,,264992,1048576,0.2527160645,true,false
Test,Urban,5360,data/LoveDA/Test/Urban/images_png/5360.png,,406696,1048576,0.3878555298,true,false
Test,Urban,5361,data/LoveDA/Test/Urban/images_png/5361.png,,377344,1048576,0.3598632812,true,false
Test,Urban,5362,data/LoveDA/Test/Urban/images_png/5362.png,,527248,1048576,0.5028228760,true,false
Test,Urban,5363,data/LoveDA/Test/Urban/images_png/5363.png,,208355,1048576,0.1987028122,true,false
Test,Urban,5384,data/LoveDA/Test/Urban/images_png/5384.png,,295740,1048576,0.2820396423,true,false
Test,Urban,5402,data/LoveDA/Test/Urban/images_png/5402.png,,319292,1048576,0.3045005798,true,false
Test,Urban,5429,data/LoveDA/Test/Urban/images_png/5429.png,,322805,1048576,0.3078508377,true,false
Test,Urban,5435,data/LoveDA/Test/Urban/images_png/5435.png,,294112,1048576,0.2804870605,true,false
Test,Urban,5440,data/LoveDA/Test/Urban/images_png/5440.png,,439836,1048576,0.4194602966,true,false
Test,Urban,5447,data/LoveDA/Test/Urban/images_png/5447.png,,119060,1048576,0.1135444641,true,false
Test,Urban,5456,data/LoveDA/Test/Urban/images_png/5456.png,,377576,1048576,0.3600845337,true,false
Test,Urban,5490,data/LoveDA/Test/Urban/images_png/5490.png,,206708,1048576,0.1971321106,true,false
Test,Urban,5497,data/LoveDA/Test/Urban/images_png/5497.png,,406458,1048576,0.3876285553,true,false
Test,Urban,5508,data/LoveDA/Test/Urban/images_png/5508.png,,237484,1048576,0.2264823914,true,false
Test,Urban,5511,data/LoveDA/Test/Urban/images_png/5511.png,,313589,1048576,0.2990617752,true,false
Test,Urban,5518,data/LoveDA/Test/Urban/images_png/5518.png,,381015,1048576,0.3633642197,true,false
Test,Urban,5523,data/LoveDA/Test/Urban/images_png/5523.png,,559341,1048576,0.5334291458,true,false
Test,Urban,5524,data/LoveDA/Test/Urban/images_png/5524.png,,459119,1048576,0.4378499985,true,false
Test,Urban,5528,data/LoveDA/Test/Urban/images_png/5528.png,,342702,1048576,0.3268260956,true,false
Test,Urban,5534,data/LoveDA/Test/Urban/images_png/5534.png,,121000,1048576,0.1153945923,true,false
Test,Urban,5535,data/LoveDA/Test/Urban/images_png/5535.png,,468964,1048576,0.4472389221,true,false
Test,Urban,5565,data/LoveDA/Test/Urban/images_png/5565.png,,177270,1048576,0.1690578461,true,false
Test,Urban,5569,data/LoveDA/Test/Urban/images_png/5569.png,,354024,1048576,0.3376235962,true,false
Test,Urban,5576,data/LoveDA/Test/Urban/images_png/5576.png,,255372,1048576,0.2435417175,true,false
Test,Urban,5577,data/LoveDA/Test/Urban/images_png/5577.png,,497447,1048576,0.4744024277,true,false
Test,Urban,5578,data/LoveDA/Test/Urban/images_png/5578.png,,417407,1048576,0.3980703354,true,false
Test,Urban,5581,data/LoveDA/Test/Urban/images_png/5581.png,,488231,1048576,0.4656133652,true,false
Test,Urban,5583,data/LoveDA/Test/Urban/images_png/5583.png,,109844,1048576,0.1047554016,true,false
Test,Urban,5591,data/LoveDA/Test/Urban/images_png/5591.png,,177548,1048576,0.1693229675,true,false
Test,Urban,5597,data/LoveDA/Test/Urban/images_png/5597.png,,168054,1048576,0.1602687836,true,false
Test,Urban,5606,data/LoveDA/Test/Urban/images_png/5606.png,,517335,1048576,0.4933691025,true,false
Test,Urban,5616,data/LoveDA/Test/Urban/images_png/5616.png,,202640,1048576,0.1932525635,true,false
Test,Urban,5621,data/LoveDA/Test/Urban/images_png/5621.png,,383144,1048576,0.3653945923,true,false
Test,Urban,5637,data/LoveDA/Test/Urban/images_png/5637.png,,348417,1048576,0.3322763443,true,false
Test,Urban,5645,data/LoveDA/Test/Urban/images_png/5645.png,,115432,1048576,0.1100845337,true,false
Test,Urban,5653,data/LoveDA/Test/Urban/images_png/5653.png,,381555,1048576,0.3638792038,true,false
Test,Urban,5679,data/LoveDA/Test/Urban/images_png/5679.png,,410680,1048576,0.3916549683,true,false
Test,Urban,5687,data/LoveDA/Test/Urban/images_png/5687.png,,235491,1048576,0.2245817184,true,false
Test,Urban,5698,data/LoveDA/Test/Urban/images_png/5698.png,,144552,1048576,0.1378555298,true,false
Test,Urban,5699,data/LoveDA/Test/Urban/images_png/5699.png,,440900,1048576,0.4204750061,true,false
Test,Urban,5720,data/LoveDA/Test/Urban/images_png/5720.png,,173510,1048576,0.1654720306,true,false
Test,Urban,5724,data/LoveDA/Test/Urban/images_png/5724.png,,264588,1048576,0.2523307800,true,false
Test,Urban,5727,data/LoveDA/Test/Urban/images_png/5727.png,,410126,1048576,0.3911266327,true,false
Test,Urban,5747,data/LoveDA/Test/Urban/images_png/5747.png,,352396,1048576,0.3360710144,true,false
Test,Urban,5763,data/LoveDA/Test/Urban/images_png/5763.png,,550242,1048576,0.5247516632,true,false
Test,Urban,5791,data/LoveDA/Test/Urban/images_png/5791.png,,115258,1048576,0.1099185944,true,false
Test,Urban,5794,data/LoveDA/Test/Urban/images_png/5794.png,,546449,1048576,0.5211343765,true,false
Test,Urban,5796,data/LoveDA/Test/Urban/images_png/5796.png,,148423,1048576,0.1415472031,true,false
Test,Urban,5798,data/LoveDA/Test/Urban/images_png/5798.png,,260894,1048576,0.2488079071,true,false
Test,Urban,5800,data/LoveDA/Test/Urban/images_png/5800.png,,498116,1048576,0.4750404358,true,false
Test,Urban,5814,data/LoveDA/Test/Urban/images_png/5814.png,,173663,1048576,0.1656179428,true,false
Test,Urban,5831,data/LoveDA/Test/Urban/images_png/5831.png,,371799,1048576,0.3545751572,true,false
Test,Urban,5833,data/LoveDA/Test/Urban/images_png/5833.png,,144384,1048576,0.1376953125,true,false
Test,Urban,5840,data/LoveDA/Test/Urban/images_png/5840.png,,351918,1048576,0.3356151581,true,false
Test,Urban,5843,data/LoveDA/Test/Urban/images_png/5843.png,,439237,1048576,0.4188890457,true,false
Test,Urban,5878,data/LoveDA/Test/Urban/images_png/5878.png,,197166,1048576,0.1880321503,true,false
Test,Urban,5890,data/LoveDA/Test/Urban/images_png/5890.png,,436655,1048576,0.4164266586,true,false
Test,Urban,5891,data/LoveDA/Test/Urban/images_png/5891.png,,559420,1048576,0.5335044861,true,false
Test,Urban,5896,data/LoveDA/Test/Urban/images_png/5896.png,,319121,1048576,0.3043375015,true,false
Test,Urban,5902,data/LoveDA/Test/Urban/images_png/5902.png,,231907,1048576,0.2211637497,true,false
Test,Urban,5924,data/LoveDA/Test/Urban/images_png/5924.png,,284485,1048576,0.2713060379,true,false
Test,Urban,5932,data/LoveDA/Test/Urban/images_png/5932.png,,400910,1048576,0.3823375702,true,false
Test,Urban,5938,data/LoveDA/Test/Urban/images_png/5938.png,,526551,1048576,0.5021581650,true,false
Test,Urban,5942,data/LoveDA/Test/Urban/images_png/5942.png,,119267,1048576,0.1137418747,true,false
Test,Urban,5944,data/LoveDA/Test/Urban/images_png/5944.png,,179228,1048576,0.1709251404,true,false
Test,Urban,5950,data/LoveDA/Test/Urban/images_png/5950.png,,266607,1048576,0.2542562485,true,false
Test,Urban,5955,data/LoveDA/Test/Urban/images_png/5955.png,,555665,1048576,0.5299234390,true,false
Test,Urban,5964,data/LoveDA/Test/Urban/images_png/5964.png,,226275,1048576,0.2157926559,true,false
Test,Urban,5970,data/LoveDA/Test/Urban/images_png/5970.png,,440578,1048576,0.4201679230,true,false
Test,Rural,4191,data/LoveDA/Test/Rural/images_png/4191.png,,524200,1048576,0.4999160767,true,false
Test,Rural,4192,data/LoveDA/Test/Rural/images_png/4192.png,,345360,1048576,0.3293609619,true,false
Test,Rural,4206,data/LoveDA/Test/Rural/images_png/4206.png,,177348,1048576,0.1691322327,true,false
Test,Rural,4216,data/LoveDA/Test/Rural/images_png/4216.png,,435673,1048576,0.4154901505,true,false
Test,Rural,4222,data/LoveDA/Test/Rural/images_png/4222.png,,119542,1048576,0.1140041351,true,false
Test,Rural,4235,data/LoveDA/Test/Rural/images_png/4235.png,,280848,1048576,0.2678375244,true,false
Test,Rural,4265,data/LoveDA/Test/Rural/images_png/4265.png,,316467,1048576,0.3018064499,true,false
Test,Rural,4302,data/LoveDA/Test/Rural/images_png/4302.png,,172025,1048576,0.1640558243,true,false
Test,Rural,4368,data/LoveDA/Test/Rural/images_png/4368.png,,292965,1048576,0.2793931961,true,false
Test,Rural,4371,data/LoveDA/Test/Rural/images_png/4371.png,,408584,1048576,0.3896560669,true,false
Test,Rural,4379,data/LoveDA/Test/Rural/images_png/4379.png,,522283,1048576,0.4980878830,true,false
Test,Rural,4387,data/LoveDA/Test/Rural/images_png/4387.png,,493415,1048576,0.4705572128,true,false
Test,Rural,4392,data/LoveDA/Test/Rural/images_png/4392.png,,403243,1048576,0.3845624924,true,false
Test,Rural,4410,data/LoveDA/Test/Rural/images_png/4410.png,,114408,1048576,0.1091079712,true,false
Test,Rural,4441,data/LoveDA/Test/Rural/images_png/4441.png,,374260,1048576,0.3569221497,true,false
Test,Rural,4487,data/LoveDA/Test/Rural/images_png/4487.png,,321868,1048576,0.3069572449,true,false
Test,Rural,4491,data/LoveDA/Test/Rural/images_png/4491.png,,551151,1048576,0.5256185532,true,false
Test,Rural,4507,data/LoveDA/Test/Rural/images_png/4507.png,,320198,1048576,0.3053646088,true,false
Test,Rural,4509,data/LoveDA/Test/Rural/images_png/4509.png,,287575,1048576,0.2742528915,true,false
Test,Rural,4543,data/LoveDA/Test/Rural/images_png/4543.png,,165280,1048576,0.1576232910,true,false
Test,Rural,4559,data/LoveDA/Test/Rural/images_png/4559.png,,143299,1048576,0.1366605759,true,false
Test,Rural,4560,data/LoveDA/Test/Rural/images_png/4560.png,,264063,1048576,0.2518301010,true,false
Test,Rural,4565,data/LoveDA/Test/Rural/images_png/4565.png,,495298,1048576,0.4723529816,true,false
Test,Rural,4580,data/LoveDA/Test/Rural/images_png/4580.png,,349067,1048576,0.3328962326,true,false
Test,Rural,4587,data/LoveDA/Test/Rural/images_png/4587.png,,118109,1048576,0.1126375198,true,false
Test,Rural,4620,data/LoveDA/Test/Rural/images_png/4620.png,,229792,1048576,0.2191467285,true,false
Test,Rural,4638,data/LoveDA/Test/Rural/images_png/4638.png,,233587,1048576,0.2227659225,true,false
Test,Rural,4655,data/LoveDA/Test/Rural/images_png/4655.png,,403164,1048576,0.3844871521,true,false
Test,Rural,4678,data/LoveDA/Test/Rural/images_png/4678.png,,235161,1048576,0.2242670059,true,false
Test,Rural,4717,data/LoveDA/Test/Rural/images_png/4717.png,,406803,1048576,0.3879575729,true,false
Test,Rural,4733,data/LoveDA/Test/Rural/images_png/4733.png,,556206,1048576,0.5304393768,true,false
Test,Rural,4735,data/LoveDA/Test/Rural/images_png/4735.png,,223063,1048576,0.2127294540,true,false
Test,Rural,4737,data/LoveDA/Test/Rural/images_png/4737.png,,437486,1048576,0.4172191620,true,false
Test,Rural,4756,data/LoveDA/Test/Rural/images_png/4756.png,,338652,1048576,0.3229637146,true,false
Test,Rural,4758,data/LoveDA/Test/Rural/images_png/4758.png,,143142,1048576,0.1365108490,true,false
Test,Rural,4759,data/LoveDA/Test/Rural/images_png/4759.png,,107513,1048576,0.1025323868,true,false
Test,Rural,4767,data/LoveDA/Test/Rural/images_png/4767.png,,114264,1048576,0.1089706421,true,false
Test,Rural,4768,data/LoveDA/Test/Rural/images_png/4768.png,,258686,1048576,0.2467021942,true,false
Test,Rural,4769,data/LoveDA/Test/Rural/images_png/4769.png,,287734,1048576,0.2744045258,true,false
Test,Rural,4786,data/LoveDA/Test/Rural/images_png/4786.png,,200905,1048576,0.1915979385,true,false
Test,Rural,4795,data/LoveDA/Test/Rural/images_png/4795.png,,350777,1048576,0.3345270157,true,false
Test,Rural,4813,data/LoveDA/Test/Rural/images_png/4813.png,,556143,1048576,0.5303792953,true,false
Test,Rural,4832,data/LoveDA/Test/Rural/images_png/4832.png,,262455,1048576,0.2502965927,true,false
Test,Rural,4847,data/LoveDA/Test/Rural/images_png/4847.png,,379682,1048576,0.3620929718,true,false
Test,Rural,4853,data/LoveDA/Test/Rural/images_png/4853.png,,146982,1048576,0.1401729584,true,false
Test,Rural,4866,data/LoveDA/Test/Rural/images_png/4866.png,,436590,1048576,0.4163646698,true,false
Test,Rural,4869,data/LoveDA/Test/Rural/images_png/4869.png,,309748,1048576,0.2953987122,true,false
Test,Rural,4892,data/LoveDA/Test/Rural/images_png/4892.png,,148445,1048576,0.1415681839,true,false
Test,Rural,4893,data/LoveDA/Test/Rural/images_png/4893.png,,436828,1048576,0.4165916443,true,false
Test,Rural,4894,data/LoveDA/Test/Rural/images_png/4894.png,,136393,1048576,0.1300745010,true,false
Test,Rural,4924,data/LoveDA/Test/Rural/images_png/4924.png,,229968,1048576,0.2193145752,true,false
Test,Rural,4945,data/LoveDA/Test/Rural/images_png/4945.png,,251955,1048576,0.2402830124,true,false
Test,Rural,4949,data/LoveDA/Test/Rural/images_png/4949.png,,464546,1048576,0.4430255890,true,false
Test,Rural,4968,data/LoveDA/Test/Rural/images_png/4968.png,,194174,1048576,0.1851787567,true,false
Test,Rural,4983,data/LoveDA/Test/Rural/images_png/4983.png,,172190,1048576,0.1642131805,true,false
Test,Rural,4990,data/LoveDA/Test/Rural/images_png/4990.png,,206251,1048576,0.1966962814,true,false
Test,Rural,5018,data/LoveDA/Test/Rural/images_png/5018.png,,374371,1048576,0.3570280075,true,false
Test,Rural,5049,data/LoveDA/Test/Rural/images_png/5049.png,,466391,1048576,0.4447851181,true,false
Test,Rural,5103,data/LoveDA/Test/Rural/images_png/5103.png,,201076,1048576,0.1917610168,true,false
Test,Rural,5106,data/LoveDA/Test/Rural/images_png/5106.png,,373392,1048576,0.3560943604,true,false
Test,Rural,5110,data/LoveDA/Test/Rural/images_png/5110.png,,345489,1048576,0.3294839859,true,false
Test,Rural,5112,data/LoveDA/Test/Rural/images_png/5112.png,,175852,1048576,0.1677055359,true,false
Test,Rural,5123,data/LoveDA/Test/Rural/images_png/5123.png,,377935,1048576,0.3604269028,true,false
Test,Rural,5137,data/LoveDA/Test/Rural/images_png/5137.png,,291326,1048576,0.2778301239,true,false
Test,Rural,5141,data/LoveDA/Test/Rural/images_png/5141.png,,258853,1048576,0.2468614578,true,false
Test,Rural,5147,data/LoveDA/Test/Rural/images_png/5147.png,,316613,1048576,0.3019456863,true,false
Test,Rural,5154,data/LoveDA/Test/Rural/images_png/5154.png,,204720,1048576,0.1952362061,true,false
